Uniprot Entry,Accession Name
Q9CWB1,['KPYM_MOUSE']
Q9D051,['ODPB_MOUSE']
P16125,['LDHB_MOUSE']
Q9D2G2,['ODO2_MOUSE']
Q61753,['SERA_MOUSE']
Q9DCX2,['ATP5H_MOUSE']
Q91ZA3,['PCCA_MOUSE']
Q8K183,['PDXK_MOUSE']
Q99LX0,['PARK7_MOUSE']
P09411,['PGK1_MOUSE']
Q64521,['GPDM_MOUSE']
Q63932,['MP2K2_MOUSE']
P09671,['SODM_MOUSE']
Q01853,['TERA_MOUSE']
P40142,['TKT_MOUSE']
Q3U0V1,['FUBP2_MOUSE']
Q3THS6,['METK2_MOUSE']
P17183,['ENOG_MOUSE']
P63085,['MK01_MOUSE']
P68373,['TBA1C_MOUSE']
Q8BVI4,['DHPR_MOUSE']
Q9CWS0,['DDAH1_MOUSE']
P18760,['COF1_MOUSE']
P00493,['HPRT_MOUSE']
Q61206,['PA1B2_MOUSE']
P47753,['CAZA1_MOUSE']
Q9QUM9,['PSA6_MOUSE']
P15105,['GLNA_MOUSE']
Q05920,['PYC_MOUSE']
P67778,['PHB_MOUSE']
O88712,['CTBP1_MOUSE']
P97807,['FUMH_MOUSE']
P61164,['ACTZ_MOUSE']
P17742,['PPIA_MOUSE']
Q91YT0,['NDUV1_MOUSE']
O08749,['DLDH_MOUSE']
P63101,['1433Z_MOUSE']
Q6IRU5,['CLCB_MOUSE']
P97427,['DPYL1_MOUSE']
P63038,['CH60_MOUSE']
Q8QZT1,['THIL_MOUSE']
P11798,['KCC2A_MOUSE']
Q5U410,['G3P_MOUSE']
Q8CHH9,['SEPT8_MOUSE']
Q9EQF6,['DPYL5_MOUSE']
Q8R5C5,['ACTY_MOUSE']
Q9Z2K1,['K1C16_MOUSE']
P12787,['COX5A_MOUSE']
P15532,['NDKA_MOUSE']
Q9D7X3,['DUS3_MOUSE']
Q9CWJ9,['PUR9_MOUSE']
Q05816,['FABP5_MOUSE']
P14206,['RSSA_MOUSE']
Q99KB8,['GLO2_MOUSE']
Q91Z53,['GRHPR_MOUSE']
P11983,['TCPA_MOUSE']
Q9R0P9,['UCHL1_MOUSE']
P14152,['MDHC_MOUSE']
Q99J99,['THTM_MOUSE']
Q99LF4,['RTCB_MOUSE']
Q9DCS9,['NDUBA_MOUSE']
Q9WUK2,['IF4H_MOUSE']
Q04447,['KCRB_MOUSE']
Q3UGR5,['HDHD2_MOUSE']
Q99LR1,['ABD12_MOUSE']
P07724,['ALBU_MOUSE']
P05064,['ALDOA_MOUSE']
Q9CR68,['UCRI_MOUSE']
Q60930,['VDAC2_MOUSE']
Q9R1P1,['PSB3_MOUSE']
Q922R8,['PDIA6_MOUSE']
P10649,['GSTM1_MOUSE']
Q63810,['CANB1_MOUSE']
Q91XM9,['DLG2_MOUSE']
Q9D6J6,['NDUV2_MOUSE']
P31938,['MP2K1_MOUSE']
P08553,['NFM_MOUSE']
P19157,['GSTP1_MOUSE']
Q62108,['DLG4_MOUSE']
P17182,['ENOA_MOUSE']
Q60864,['STIP1_MOUSE']
Q99KI0,['ACON_MOUSE']
Q9CWF2,['TBB2B_MOUSE']
P61982,['1433G_MOUSE']
O70251,['EF1B_MOUSE']
P80317,['TCPZ_MOUSE']
Q91VM9,['IPYR2_MOUSE']
P27773,['PDIA3_MOUSE']
O55131,['SEPT7_MOUSE']
P20029,['GRP78_MOUSE']
Q99KX1,['MLF2_MOUSE']
Q3THK7,['GUAA_MOUSE']
Q9Z0P5,['TWF2_MOUSE']
Q62426,['CYTB_MOUSE']
P29758,['OAT_MOUSE']
Q9Z1S5,['SEPT3_MOUSE']
P63268,['ACTH_MOUSE']
Q3UB69,['ATPB_MOUSE']
Q8BH95,['ECHM_MOUSE']
P47757,['CAPZB_MOUSE']
P46471,['PRS7_MOUSE']
P47738,['ALDH2_MOUSE']
O89053,['COR1A_MOUSE']
P47754,['CAZA2_MOUSE']
O35215,['DOPD_MOUSE']
P00920,['CAH2_MOUSE']
Q9JII6,['AK1A1_MOUSE']
P80314,['TCPB_MOUSE']
P11404,['FABPH_MOUSE']
O88844,['IDHC_MOUSE']
P58252,['EF2_MOUSE']
Q64727,['VINC_MOUSE']
Q61792,['LASP1_MOUSE']
Q9R1P4,['PSA1_MOUSE']
O08599,['STXB1_MOUSE']
Q9D8Y0,['EFHD2_MOUSE']
Q8BL86,['MBLC2_MOUSE']
P54227,['STMN1_MOUSE']
P70296,['PEBP1_MOUSE']
P61922,['GABT_MOUSE']
P45376,['ALDR_MOUSE']
Q9DBS2,['TPRGL_MOUSE']
Q9D0M3,['CY1_MOUSE']
O08709,['PRDX6_MOUSE']
P38647,['GRP75_MOUSE']
P70333,['HNRH2_MOUSE']
Q9D6R2,['IDH3A_MOUSE']
P02088,['HBB1_MOUSE']
Q8BGH2,['SAM50_MOUSE']
Q62420,['SH3G2_MOUSE']
Q8CC35,['SYNPO_MOUSE']
Q91XH2,['SEPT6_MOUSE']
Q9WU78,['PDC6I_MOUSE']
P26638,['SYSC_MOUSE']
Q61171,['PRDX2_MOUSE']
P50396,['GDIA_MOUSE']
P32921,['SYWC_MOUSE']
Q9JJV2,['PROF2_MOUSE']
Q60932,['VDAC1_MOUSE']
Q99LC3,['NDUAA_MOUSE']
P05201,['AATC_MOUSE']
O09061,['PSB1_MOUSE']
P26040,['EZRI_MOUSE']
Q9QZ88,['VPS29_MOUSE']
P30275,['KCRU_MOUSE']
Q3U9Z0,['VATB2_MOUSE']
Q9CPV4,['GLOD4_MOUSE']
Q9D7G0,['PRPS1_MOUSE']
Q8C1B7,['SEP11_MOUSE']
Q8BFR5,['EFTU_MOUSE']
Q61360,['DYN1_MOUSE']
Q8K1M6,['DNM1L_MOUSE']
Q03265,['ATPA_MOUSE']
P50518,['VATE1_MOUSE']
O88569,['ROA2_MOUSE']
Q99LC5,['ETFA_MOUSE']
Q9CR16,['PPID_MOUSE']
P42669,['PURA_MOUSE']
Q64332,['SYN2_MOUSE']
Q9CZC8,['SCRN1_MOUSE']
P11499,['HS90B_MOUSE']
Q811D0,['DLG1_MOUSE']
P46660,['AINX_MOUSE']
P45591,['COF2_MOUSE']
P62141,['PP1B_MOUSE']
Q9CY33,['TBB5_MOUSE']
P60710,['ACTB_MOUSE']
Q60631,['GRB2_MOUSE']
P80316,['TCPE_MOUSE']
P35700,['PRDX1_MOUSE']
P68368,['TBA4A_MOUSE']
O35459,['ECH1_MOUSE']
Q8QZS1,['HIBCH_MOUSE']
Q9Z2I9,['SUCB1_MOUSE']
Q7TMM9,['TBB2A_MOUSE']
P26443,['DHE3_MOUSE']
Q00612,['G6PD1_MOUSE']
Q8BH56,['DBNL_MOUSE']
Q8R4N0,['CLYBL_MOUSE']
Q62188,['DPYL3_MOUSE']
Q9R0P3,['ESTD_MOUSE']
Q9ERD7,['TBB3_MOUSE']
P17751,['TPIS_MOUSE']
O88935,['SYN1_MOUSE']
Q9CQJ8,['NDUB9_MOUSE']
P63028,['TCTP_MOUSE']
Q9CVB6,['ARPC2_MOUSE']
O88342,['WDR1_MOUSE']
P08249,['MDHM_MOUSE']
P50516,['VATA_MOUSE']
Q9D172,['ES1_MOUSE']
Q9BR45,['SNP25_MOUSE']
Q9CZS1,['AL1B1_MOUSE']
Q9CZ30,['OLA1_MOUSE']
P20108,['PRDX3_MOUSE']
P04370,['MBP_MOUSE']
P46460,['NSF_MOUSE']
Q3TC72,['FAHD2_MOUSE']
P52503,['NDUS6_MOUSE']
Q9CR95,['NECP1_MOUSE']
P13707,['GPDA_MOUSE']
O55042,['SYUA_MOUSE']
P08551,['NFL_MOUSE']
P05063,['ALDOC_MOUSE']
Q9Z2Q6,['SEPT5_MOUSE']
O08553,['DPYL2_MOUSE']
P63037,['DNJA1_MOUSE']
P62334,['PRS10_MOUSE']
P35486,['ODPA_MOUSE']
Q3UGM0,['HSP7C_MOUSE']
Q61553,['FSCN1_MOUSE']
P06151,['LDHA_MOUSE']
P23927,['CRYAB_MOUSE']
P70362,['UFD1_MOUSE']
Q9DBJ1,['PGAM1_MOUSE']
P53810,['PIPNA_MOUSE']
P08228,['SODC_MOUSE']
O35737,['HNRH1_MOUSE']
Q9R111,['GUAD_MOUSE']
Q9D0K2,['SCOT1_MOUSE']
Q9CZ13,['QCR1_MOUSE']
Q9DBP5,['KCY_MOUSE']
Q9R1Q8,['TAGL3_MOUSE']
O35098,['DPYL4_MOUSE']
P16546,['SPTN1_MOUSE']
Q6PIC6,['AT1A3_MOUSE']
Q62261,['SPTB2_MOUSE']
P20357,['MTAP2_MOUSE']
Q68FD5,['CLH1_MOUSE']
Q91XV3,['BASP1_MOUSE']
Q6PIE5,['AT1A2_MOUSE']
Q8VDN2,['AT1A1_MOUSE']
P14873,['MAP1B_MOUSE']
Q9JHU4,['DYHC1_MOUSE']
Q9QYR6,['MAP1A_MOUSE']
Q8C8R3,['ANK2_MOUSE']
P28663,['SNAB_MOUSE']
P07901,['HS90A_MOUSE']
Q9WV92,['E41L3_MOUSE']
P63040,['CPLX1_MOUSE']
Q9R0K7,['AT2B2_MOUSE']
P18872,['GNAO_MOUSE']
O88737,['BSN_MOUSE']
P01942,['HBA_MOUSE']
P62259,['1433E_MOUSE']
Q9QXR9,['PLEC_MOUSE']
P26645,['MARCS_MOUSE']
Q02053,['UBA1_MOUSE']
Q61548,['AP180_MOUSE']
Q91ZZ3,['SYUB_MOUSE']
Q61879,['MYH10_MOUSE']
P17710,['HXK1_MOUSE']
Q9DB05,['SNAA_MOUSE']
G5E829,['AT2B1_MOUSE']
Q8BPN8,['DMXL2_MOUSE']
Q6Q477,['AT2B4_MOUSE']
Q99104,['MYO5A_MOUSE']
P68372,['TBB4B_MOUSE']
Q7TSJ2,['MAP6_MOUSE']
Q9D6F9,['TBB4A_MOUSE']
O35526,['STX1A_MOUSE']
P61264,['STX1B_MOUSE']
Q9DBG3,['AP2B1_MOUSE']
Q9QYX7,['PCLO_MOUSE']
O55143,['AT2A2_MOUSE']
Q61644,['PACN1_MOUSE']
D3Z7P3,['GLSK_MOUSE']
Q3TXX4,['VGLU1_MOUSE']
P68254,['1433T_MOUSE']
Q498A3,['CALM1_MOUSE']
Q9JM07,['G6PI_MOUSE']
Q61305,['ANK3_MOUSE']
Q920I9,['WDR7_MOUSE']
Q7TPR4,['ACTN1_MOUSE']
P12960,['CNTN1_MOUSE']
Q60931,['VDAC3_MOUSE']
P13595,['NCAM1_MOUSE']
Q7TQF7,['AMPH_MOUSE']
Q8K0U4,['HS12A_MOUSE']
Q80TJ1,['CAPS1_MOUSE']
D3YVF0,['AKAP5_MOUSE']
Q8BFZ3,['ACTBL_MOUSE']
P57780,['ACTN4_MOUSE']
Q9JJZ2,['TBA8_MOUSE']
Q9Z2H5,['E41L1_MOUSE']
Q91V12,['BACH_MOUSE']
P14211,['CALR_MOUSE']
B2RSH2,['GNAI1_MOUSE']
Q9Z1B3,['PLCB1_MOUSE']
P28652,['KCC2B_MOUSE']
Q810U4,['NRCAM_MOUSE']
O35682,['MYADM_MOUSE']
Q9CQR2,['RS21_MOUSE']
P08752,['GNAI2_MOUSE']
Q8K290,['RTN4_MOUSE']
P47857,['PFKAM_MOUSE']
O08788,['DCTN1_MOUSE']
Q9DC51,['GNAI3_MOUSE']
Q8CHC4,['SYNJ1_MOUSE']
P19096,['FAS_MOUSE']
Q8BH59,['CMC1_MOUSE']
P84091,['AP2M1_MOUSE']
P10637,['TAU_MOUSE']
P63044,['VAMP2_MOUSE']
Q8CAQ8,['MIC60_MOUSE']
Q3UHJ0,['AAK1_MOUSE']
P43006,['EAA2_MOUSE']
Q8BYI9,['TENR_MOUSE']
Q61598,['GDIB_MOUSE']
Q4KMM3,['OXR1_MOUSE']
P16330,['CN37_MOUSE']
Q8R3M2,['ODO1_MOUSE']
P46096,['SYT1_MOUSE']
Q9WUM5,['SUCA_MOUSE']
Q91V41,['RAB14_MOUSE']
Q11011,['PSA_MOUSE']
Q91VD9,['NDUS1_MOUSE']
P63318,['KPCG_MOUSE']
P60202,['MYPR_MOUSE']
Q9QYB5,['ADDG_MOUSE']
Q3UNH4,['GRIN1_MOUSE']
O35643,['AP1B1_MOUSE']
P63054,['PCP4_MOUSE']
O08539,['BIN1_MOUSE']
Q9Z0P4,['PALM_MOUSE']
P48758,['CBR1_MOUSE']
P63328,['PP2BA_MOUSE']
Q9QWI6,['SRCN1_MOUSE']
Q8BKX1,['BAIP2_MOUSE']
Q9QYC0,['ADDA_MOUSE']
Q99KJ8,['DCTN2_MOUSE']
Q9EPN1,['NBEA_MOUSE']
Q9CQV8,['1433B_MOUSE']
P01831,['THY1_MOUSE']
P05202,['AATM_MOUSE']
Q8K0S0,['PHYIP_MOUSE']
Q8R071,['IP3KA_MOUSE']
Q8VDD5,['MYH9_MOUSE']
O88487,['DC1I2_MOUSE']
Q9QXZ0,['MACF1_MOUSE']
P56564,['EAA1_MOUSE']
Q61316,['HSP74_MOUSE']
Q9JLM8,['DCLK1_MOUSE']
Q76MZ3,['2AAA_MOUSE']
O08917,['FLOT1_MOUSE']
P70168,['IMB1_MOUSE']
P19246,['NFH_MOUSE']
P61205,['ARF3_MOUSE']
Q8R081,['HNRPL_MOUSE']
Q8K310,['MATR3_MOUSE']
Q71M36,['CSPG5_MOUSE']
Q91V14,['S12A5_MOUSE']
Q9D0F9,['PGM1_MOUSE']
P56959,['FUS_MOUSE']
Q8BL66,['EEA1_MOUSE']
P19783,['COX41_MOUSE']
Q61696,['HS71A_MOUSE']
O88485,['DC1I1_MOUSE']
Q64433,['CH10_MOUSE']
Q8VD37,['SGIP1_MOUSE']
P99027,['RLA2_MOUSE']
Q9WTT4,['VATG2_MOUSE']
Q61699,['HS105_MOUSE']
Q99K48,['NONO_MOUSE']
Q8CI94,['PYGB_MOUSE']
Q91VR2,['ATPG_MOUSE']
Q9JME5,['AP3B2_MOUSE']
Q8CAA7,['PGM2L_MOUSE']
P39447,['ZO1_MOUSE']
Q8BW96,['KCC1D_MOUSE']
Q6PFD5,['DLGP3_MOUSE']
P63011,['RAB3A_MOUSE']
Q810U3,['NFASC_MOUSE']
Q9JIS5,['SV2A_MOUSE']
Q923T9,['KCC2G_MOUSE']
P10126,['EF1A1_MOUSE']
Q3UCA0,['LMNA_MOUSE']
Q71LX4,['TLN2_MOUSE']
Q8R0Y6,['AL1L1_MOUSE']
Q8BLQ9,['CADM2_MOUSE']
Q9D3D9,['ATPD_MOUSE']
Q9CQA3,['SDHB_MOUSE']
Q8K0T0,['RTN1_MOUSE']
B0V2N1,['PTPRS_MOUSE']
F6SEU4,['SYGP1_MOUSE']
P56399,['UBP5_MOUSE']
Q61301,['CTNA2_MOUSE']
Q02248,['CTNB1_MOUSE']
P22723,['GBRG2_MOUSE']
Q9Z1G4,['VPP1_MOUSE']
Q9ESN6,['TRIM2_MOUSE']
P99029,['PRDX5_MOUSE']
P31324,['KAP3_MOUSE']
Q9Z2I0,['LETM1_MOUSE']
P31648,['SC6A1_MOUSE']
Q8BGB7,['ENOPH_MOUSE']
Q9WV34,['MPP2_MOUSE']
Q9CYT6,['CAP2_MOUSE']
P61750,['ARF4_MOUSE']
P62631,['EF1A2_MOUSE']
Q91V61,['SFXN3_MOUSE']
Q8VIJ6,['SFPQ_MOUSE']
P63005,['LIS1_MOUSE']
P68404,['KPCB_MOUSE']
P17427,['AP2A2_MOUSE']
Q8VDQ8,['SIR2_MOUSE']
Q8CHG7,['RPGF2_MOUSE']
P08113,['ENPL_MOUSE']
Q6PHZ2,['KCC2D_MOUSE']
Q9WV27,['AT1A4_MOUSE']
P80315,['TCPD_MOUSE']
P61027,['RAB10_MOUSE']
P51881,['ADT2_MOUSE']
Q6ZQ38,['CAND1_MOUSE']
Q9D0J8,['PTMS_MOUSE']
O08532,['CA2D1_MOUSE']
Q9QXL2,['KI21A_MOUSE']
Q00898,['A1AT5_MOUSE']
Q921M7,['FA49B_MOUSE']
Q91887,['UBB_MOUSE']
Q9QYB8,['ADDB_MOUSE']
Q3UHD9,['AGAP2_MOUSE']
P62315,['SMD1_MOUSE']
P17426,['AP2A1_MOUSE']
Q8K2K6,['AGFG1_MOUSE']
P10630,['IF4A2_MOUSE']
Q61990,['PCBP2_MOUSE']
P40124,['CAP1_MOUSE']
P48453,['PP2BB_MOUSE']
P11627,['L1CAM_MOUSE']
Q3UHL1,['CAMKV_MOUSE']
Q80TL4,['PHF24_MOUSE']
Q3UTJ2,['SRBS2_MOUSE']
Q80Z24,['NEGR1_MOUSE']
Q61885,['MOG_MOUSE']
Q5DU25,['IQEC2_MOUSE']
Q8K021,['SCAM1_MOUSE']
Q922B2,['SYDC_MOUSE']
Q61735,['CD47_MOUSE']
P14685,['PSMD3_MOUSE']
P68510,['1433F_MOUSE']
Q9EQ20,['MMSA_MOUSE']
P60335,['PCBP1_MOUSE']
P12658,['CALB1_MOUSE']
Q91YR1,['TWF1_MOUSE']
Q9D855,['QCR7_MOUSE']
Q9DB77,['QCR2_MOUSE']
P97765,['WBP2_MOUSE']
Q8BJ42,['DLGP2_MOUSE']
Q3TXS7,['PSMD1_MOUSE']
P47708,['RP3A_MOUSE']
P97300,['NPTN_MOUSE']
Q80TZ3,['AUXI_MOUSE']
Q8R559,['SHPS1_MOUSE']
P48962,['ADT1_MOUSE']
Q7TQD2,['TPPP_MOUSE']
P63325,['RS10_MOUSE']
Q91WC3,['ACSL6_MOUSE']
Q8C419,['GP158_MOUSE']
Q9CWZ7,['SNAG_MOUSE']
Q9QXS6,['DREB_MOUSE']
Q8C167,['PPCEL_MOUSE']
Q91WD5,['NDUS2_MOUSE']
P09405,['NUCL_MOUSE']
Q9DC69,['NDUA9_MOUSE']
P62897,['CYC_MOUSE']
Q9QZQ1,['AFAD_MOUSE']
Q9R0Q6,['ARC1A_MOUSE']
P80318,['TCPG_MOUSE']
D3YZU1,['SHAN1_MOUSE']
P70704,['AT8A1_MOUSE']
Q99PT1,['GDIR1_MOUSE']
Q5TLK5,['ADA22_MOUSE']
Q80WL8,['MADD_MOUSE']
Q8BZ98,['DYN3_MOUSE']
S6CCV8,['SHAN3_MOUSE']
Q6PDS7,['H4_MOUSE']
Q99JY9,['ARP3_MOUSE']
E9Q401,['RYR2_MOUSE']
Q9ESJ4,['SPN90_MOUSE']
P48722,['HS74L_MOUSE']
Q9Z1G3,['VATC1_MOUSE']
Q9QVP9,['FAK2_MOUSE']
O35136,['NCAM2_MOUSE']
Q91V92,['ACLY_MOUSE']
P70404,['IDHG1_MOUSE']
Q8CCU2,['RTN3_MOUSE']
Q91W50,['CSDE1_MOUSE']
Q3UGY8,['BIG3_MOUSE']
P28660,['NCKP1_MOUSE']
Q8BH57,['WDR48_MOUSE']
Q9D8E6,['RL4_MOUSE']
O54774,['AP3D1_MOUSE']
Q9CQX8,['RT36_MOUSE']
Q9CZT8,['RAB3B_MOUSE']
P70336,['ROCK2_MOUSE']
Q8CBW3,['ABI1_MOUSE']
Q8C0T5,['SI1L1_MOUSE']
P27659,['RL3_MOUSE']
Q99JR1,['SFXN1_MOUSE']
Q8BG32,['PSD11_MOUSE']
P00405,['COX2_MOUSE']
Q8BMS1,['ECHA_MOUSE']
Q8CGC7,['SYEP_MOUSE']
O55091,['IMPCT_MOUSE']
O35129,['PHB2_MOUSE']
P05132,['KAPCA_MOUSE']
Q8VEK3,['HNRPU_MOUSE']
Q80TE7,['LRRC7_MOUSE']
O54983,['CRYM_MOUSE']
Q8R016,['BLMH_MOUSE']
Q9CPY7,['AMPL_MOUSE']
P15116,['CADH2_MOUSE']
Q6P9K8,['CSKI1_MOUSE']
Q6R891,['NEB2_MOUSE']
Q5SYP0,['MY18A_MOUSE']
Q8K2B3,['SDHA_MOUSE']
Q8R0S4,['CACB4_MOUSE']
Q00896,['A1AT3_MOUSE']
P11881,['ITPR1_MOUSE']
P62962,['PROF1_MOUSE']
P23242,['CXA1_MOUSE']
P61979,['HNRPK_MOUSE']
Q8CGK3,['LONM_MOUSE']
Q60902,['EP15R_MOUSE']
Q8BVE3,['VATH_MOUSE']
O35658,['C1QBP_MOUSE']
Q99KH8,['STK24_MOUSE']
P60843,['IF4A1_MOUSE']
Q08331,['CALB2_MOUSE']
Q5SRX1,['TM1L2_MOUSE']
P51150,['RAB7A_MOUSE']
Q9Z2D6,['MECP2_MOUSE']
Q9EQH3,['VPS35_MOUSE']
Q80TK0,['K1107_MOUSE']
Q8VHW2,['CCG8_MOUSE']
P23819,['GRIA2_MOUSE']
P14824,['ANXA6_MOUSE']
Q8BWF0,['SSDH_MOUSE']
P23116,['EIF3A_MOUSE']
P60469,['LIPA3_MOUSE']
Q8K3K6,['CAPS2_MOUSE']
Q9D394,['RUFY3_MOUSE']
Q8BGQ7,['SYAC_MOUSE']
Q4KUS2,['UN13A_MOUSE']
Q8R326,['PSPC1_MOUSE']
Q9Z0H8,['CLIP2_MOUSE']
Q9Z1Z2,['STRAP_MOUSE']
P14094,['AT1B1_MOUSE']
Q6PHU5,['SORT_MOUSE']
Q80VX6,['GFAP_MOUSE']
Q8BRT1,['CLAP2_MOUSE']
Q61545,['EWS_MOUSE']
Q9CZ44,['NSF1C_MOUSE']
Q8R429,['AT2A1_MOUSE']
Q8BIJ6,['SYIM_MOUSE']
Q80Z38,['SHAN2_MOUSE']
Q9CSQ0,['RACK1_MOUSE']
Q640R3,['HECAM_MOUSE']
Q9JKR6,['HYOU1_MOUSE']
Q64487,['PTPRD_MOUSE']
O70443,['GNAZ_MOUSE']
Q9R0Y5,['KAD1_MOUSE']
Q01097,['NMDE2_MOUSE']
Q9CQZ5,['NDUA6_MOUSE']
Q4VBD2,['TAPT1_MOUSE']
P58281,['OPA1_MOUSE']
Q9EPJ9,['ARFG1_MOUSE']
Q9D2M8,['UB2V2_MOUSE']
Q9CZY3,['UB2V1_MOUSE']
P26039,['TLN1_MOUSE']
P63073,['IF4E_MOUSE']
Q9QYG0,['NDRG2_MOUSE']
Q8BKZ9,['ODPX_MOUSE']
Q80ZJ1,['RAP2A_MOUSE']
O35295,['PURB_MOUSE']
O88456,['CPNS1_MOUSE']
Q60875,['ARHG2_MOUSE']
Q80X80,['C2C2L_MOUSE']
O88643,['PAK1_MOUSE']
P51859,['HDGF_MOUSE']
P61226,['RAP2B_MOUSE']
Q9Z0E0,['NCDN_MOUSE']
Q9Z2Y3,['HOME1_MOUSE']
Q80XU3,['NUCKS_MOUSE']
Q811P8,['RHG32_MOUSE']
Q9Z0X1,['AIFM1_MOUSE']
Q80UG5,['SEPT9_MOUSE']
P10853,['H2B1F_MOUSE']
Q8BMF4,['ODP2_MOUSE']
P62484,['ABI2_MOUSE']
P28271,['ACOC_MOUSE']
P58404,['STRN4_MOUSE']
Q6P9K9,['NRX3A_MOUSE']
Q8BHZ0,['FA49A_MOUSE']
P42859,['HD_MOUSE']
Q8R366,['IGSF8_MOUSE']
Q9CPQ8,['ATP5L_MOUSE']
Q9DC28,['KC1D_MOUSE']
Q80Y24,['PRIC2_MOUSE']
Q9CS84,['NRX1A_MOUSE']
Q8CCK0,['H2AW_MOUSE']
O70133,['DHX9_MOUSE']
Q8VDJ3,['VIGLN_MOUSE']
Q9DCL8,['IPP2_MOUSE']
Q922S4,['PDE2A_MOUSE']
P06837,['NEUM_MOUSE']
P24527,['LKHA4_MOUSE']
O35927,['CTND2_MOUSE']
P49443,['PPM1A_MOUSE']
Q3UM45,['PP1R7_MOUSE']
Q5SVL6,['RPGP2_MOUSE']
Q99KU9,['HNRPQ_MOUSE']
Q9D6M3,['GHC1_MOUSE']
P62908,['RS3_MOUSE']
Q61481,['PDE1A_MOUSE']
P14733,['LMNB1_MOUSE']
Q8VD04,['GRAP1_MOUSE']
E9Q3L2,['PI4KA_MOUSE']
E9PUL5,['PRRT2_MOUSE']
P62821,['RAB1A_MOUSE']
P12367,['KAP2_MOUSE']
Q8BGT8,['PHIPL_MOUSE']
Q91YP2,['NEUL_MOUSE']
Q8R5M8,['CADM1_MOUSE']
P54823,['DDX6_MOUSE']
Q9DCM0,['ETHE1_MOUSE']
P35564,['CALX_MOUSE']
Q3U1J4,['DDB1_MOUSE']
Q3UYC0,['PPM1H_MOUSE']
Q9D3A9,['TTYH1_MOUSE']
P63024,['VAMP3_MOUSE']
O55106,['STRN_MOUSE']
P08414,['KCC4_MOUSE']
P26883,['FKB1A_MOUSE']
Q80U49,['C170B_MOUSE']
Q9D1G1,['RAB1B_MOUSE']
O88952,['LIN7C_MOUSE']
Q5SSH7,['ZZEF1_MOUSE']
Q9JI91,['ACTN2_MOUSE']
Q8R1Q8,['DC1L1_MOUSE']
Q8CIN4,['PAK2_MOUSE']
P70175,['DLG3_MOUSE']
Q99MN9,['PCCB_MOUSE']
Q8BG39,['SV2B_MOUSE']
Q9CZ04,['CSN7A_MOUSE']
Q6ZPQ6,['PITM2_MOUSE']
Q99PJ0,['NTRI_MOUSE']
Q8BLF1,['NCEH1_MOUSE']
P56212,['ARP19_MOUSE']
Q9JJC6,['RIPL1_MOUSE']
Q91X97,['NCALD_MOUSE']
Q9D819,['IPYR_MOUSE']
P43406,['ITAV_MOUSE']
Q99JY0,['ECHB_MOUSE']
Q9R1T2,['SAE1_MOUSE']
Q812A2,['SRGP3_MOUSE']
Q8VDP4,['CCAR2_MOUSE']
Q9JJK2,['LANC2_MOUSE']
P10852,['4F2_MOUSE']
Q9WUA3,['PFKAP_MOUSE']
Q9JK42,['PDK2_MOUSE']
Q921H8,['THIKA_MOUSE']
O88685,['PRS6A_MOUSE']
Q8K596,['NAC2_MOUSE']
P97315,['CSRP1_MOUSE']
Q91Z67,['SRGP2_MOUSE']
Q64105,['SPRE_MOUSE']
P60904,['DNJC5_MOUSE']
Q9D0E1,['HNRPM_MOUSE']
Q9CZ42,['NNRD_MOUSE']
Q8QZY1,['EIF3L_MOUSE']
Q9R0P2,['HUWE1_MOUSE']
P62881,['GNB5_MOUSE']
Q91YQ5,['RPN1_MOUSE']
Q9CZR8,['EFTS_MOUSE']
A2AG50,['MA7D2_MOUSE']
Q80TS3,['AGRL3_MOUSE']
Q8BU30,['SYIC_MOUSE']
O35551,['RABE1_MOUSE']
P46935,['NEDD4_MOUSE']
Q91VK4,['ITM2C_MOUSE']
Q8JZP2,['SYN3_MOUSE']
Q9CQW1,['YKT6_MOUSE']
Q9Z1R2,['BAG6_MOUSE']
P23506,['PIMT_MOUSE']
O55023,['IMPA1_MOUSE']
O09111,['NDUBB_MOUSE']
O88343,['S4A4_MOUSE']
Q9QUI0,['RHOA_MOUSE']
P61161,['ARP2_MOUSE']
Q99NE5,['RIMS1_MOUSE']
Q9JKK7,['TMOD2_MOUSE']
P35980,['RL18_MOUSE']
Q9CZW5,['TOM70_MOUSE']
Q9CZU6,['CISY_MOUSE']
P55264,['ADK_MOUSE']
O55022,['PGRC1_MOUSE']
Q60780,['GAS7_MOUSE']
Q9DCW4,['ETFB_MOUSE']
P62918,['RL8_MOUSE']
Q99LB6,['MAT2B_MOUSE']
Q8R001,['MARE2_MOUSE']
P22599,['A1AT2_MOUSE']
Q9JKY5,['HIP1R_MOUSE']
Q9Z218,['DPP6_MOUSE']
Q501J6,['DDX17_MOUSE']
P31230,['AIMP1_MOUSE']
Q9CQN1,['TRAP1_MOUSE']
Q62465,['VAT1_MOUSE']
Q9WV98,['TIM9_MOUSE']
P46097,['SYT2_MOUSE']
Q9D164,['FXYD6_MOUSE']
P35585,['AP1M1_MOUSE']
P42932,['TCPQ_MOUSE']
Q5PR73,['DIRA2_MOUSE']
Q60676,['PPP5_MOUSE']
Q922J3,['CLIP1_MOUSE']
Q62419,['SH3G1_MOUSE']
Q8BIW1,['PRUN1_MOUSE']
P33173,['KIF1A_MOUSE']
Q148V7,['K1468_MOUSE']
Q61303,['ANK1_MOUSE']
Q9DCT2,['NDUS3_MOUSE']
Q9EP69,['SAC1_MOUSE']
O88544,['CSN4_MOUSE']
P12382,['PFKAL_MOUSE']
Q8BUV3,['GEPH_MOUSE']
Q9QZX7,['SRR_MOUSE']
Q9WVK8,['CP46A_MOUSE']
O70172,['PI42A_MOUSE']
Q99PU5,['ACBG1_MOUSE']
P63080,['GBRB3_MOUSE']
P63213,['GBG2_MOUSE']
Q8BK64,['AHSA1_MOUSE']
Q8VE33,['GD1L1_MOUSE']
P28656,['NP1L1_MOUSE']
Q60605,['MYL6_MOUSE']
Q3UTQ8,['CDKL5_MOUSE']
Q80VD1,['FA98B_MOUSE']
Q9WTX5,['SKP1_MOUSE']
Q99N28,['CADM3_MOUSE']
Q6PE13,['PRRT3_MOUSE']
Q99PL6,['UBXN6_MOUSE']
Q9WV55,['VAPA_MOUSE']
Q60737,['CSK21_MOUSE']
Q9CQQ7,['AT5F1_MOUSE']
Q60634,['FLOT2_MOUSE']
Q791V5,['MTCH2_MOUSE']
Q8BVQ5,['PPME1_MOUSE']
P09103,['PDIA1_MOUSE']
P21619,['LMNB2_MOUSE']
P57746,['VATD_MOUSE']
Q64516,['GLPK_MOUSE']
Q8R3V5,['SHLB2_MOUSE']
P54775,['PRS6B_MOUSE']
Q9D415,['DLGP1_MOUSE']
B9EKR1,['PRPTZ_MOUSE']
Q99L43,['CDS2_MOUSE']
P63137,['GBRB2_MOUSE']
Q8VBV7,['CSN8_MOUSE']
P28740,['KIF2A_MOUSE']
Q6PH08,['ERC2_MOUSE']
Q9CQF9,['PCYOX_MOUSE']
Q60598,['SRC8_MOUSE']
Q8BYM5,['NLGN3_MOUSE']
Q9WTX6,['CUL1_MOUSE']
A2APX8,['SCN1A_MOUSE']
Q99PV0,['PRP8_MOUSE']
Q8BWT1,['THIM_MOUSE']
Q9CPU0,['LGUL_MOUSE']
P62715,['PP2AB_MOUSE']
Q9WUB3,['PYGM_MOUSE']
Q61490,['CD166_MOUSE']
Q9CPQ3,['TOM22_MOUSE']
P48318,['DCE1_MOUSE']
P84309,['ADCY5_MOUSE']
Q8BP47,['SYNC_MOUSE']
P27546,['MAP4_MOUSE']
Q9Z110,['P5CS_MOUSE']
O70318,['E41L2_MOUSE']
Q9Z1W8,['AT12A_MOUSE']
P35436,['NMDE1_MOUSE']
Q7TNC4,['LC7L2_MOUSE']
Q80XI4,['PI42B_MOUSE']
P62627,['DLRB1_MOUSE']
Q91YJ2,['SNX4_MOUSE']
Q8CGP6,['H2A1H_MOUSE']
Q6PER3,['MARE3_MOUSE']
P21107,['TPM3_MOUSE']
Q9CQ91,['NDUA3_MOUSE']
Q64514,['TPP2_MOUSE']
O54829,['RGS7_MOUSE']
O54818,['TPD53_MOUSE']
Q80UP3,['DGKZ_MOUSE']
Q80X50,['UBP2L_MOUSE']
Q9ERG2,['STRN3_MOUSE']
Q921F4,['HNRLL_MOUSE']
Q91ZU8,['DYST_MOUSE']
Q8CG55,['KTN1_MOUSE']
Q64012,['RALY_MOUSE']
Q9CQZ1,['HSBP1_MOUSE']
Q62421,['SH3G3_MOUSE']
A2AP18,['PLCH2_MOUSE']
O54931,['AKAP2_MOUSE']
Q8K3H0,['DP13A_MOUSE']
Q80TK3,['PRC2C_MOUSE']
Q9Z2H2,['RGS6_MOUSE']
Q56A07,['SCN2B_MOUSE']
Q9DBG6,['RPN2_MOUSE']
Q3UGC7,['EI3JA_MOUSE']
Q9ERK4,['XPO2_MOUSE']
A2RSJ4,['UH1BL_MOUSE']
O08583,['THOC4_MOUSE']
B9EJA2,['CTTB2_MOUSE']
Q9CXS4,['CENPV_MOUSE']
Q01405,['SC23A_MOUSE']
P50247,['SAHH_MOUSE']
Q60865,['CAPR1_MOUSE']
Q8K386,['RAB15_MOUSE']
P63158,['HMGB1_MOUSE']
Q8CAY6,['THIC_MOUSE']
Q9CR62,['M2OM_MOUSE']
Q9WTM5,['RUVB2_MOUSE']
Q9D5V6,['SYAP1_MOUSE']
P62823,['RAB3C_MOUSE']
P23818,['GRIA1_MOUSE']
Q8R464,['CADM4_MOUSE']
Q62425,['NDUA4_MOUSE']
Q8K1L5,['PP1RB_MOUSE']
P60840,['ENSA_MOUSE']
Q9Z2Y8,['PLPHP_MOUSE']
P52196,['THTR_MOUSE']
P46638,['RB11B_MOUSE']
Q6ZQ58,['LARP1_MOUSE']
Q9DCN2,['NB5R3_MOUSE']
P84075,['HPCA_MOUSE']
Q99JX3,['GORS2_MOUSE']
Q9CZP5,['BCS1_MOUSE']
P83510,['TNIK_MOUSE']
A2AGT5,['CKAP5_MOUSE']
P97379,['G3BP2_MOUSE']
Q7TME0,['PLPR4_MOUSE']
Q5DTY9,['KCD16_MOUSE']
P97393,['RHG05_MOUSE']
Q9Z1N5,['DX39B_MOUSE']
Q91VR5,['DDX1_MOUSE']
Q9DBE8,['ALG2_MOUSE']
Q9WV60,['GSK3B_MOUSE']
Q91Y59,['ARP21_MOUSE']
Q9CR61,['NDUB7_MOUSE']
P29341,['PABP1_MOUSE']
Q80UW2,['FBX2_MOUSE']
Q62059,['CSPG2_MOUSE']
Q80U40,['RIMB2_MOUSE']
Q80W47,['WIPI2_MOUSE']
Q9CYR6,['AGM1_MOUSE']
Q9Z268,['RASL1_MOUSE']
Q3V3R1,['C1TM_MOUSE']
P39054,['DYN2_MOUSE']
Q5SV85,['SYNRG_MOUSE']
P21279,['GNAQ_MOUSE']
Q6ZPP0,['GAPD1_MOUSE']
P14106,['C1QB_MOUSE']
Q9Z2W9,['GRIA3_MOUSE']
Q9Z0R4,['ITSN1_MOUSE']
Q6P1B1,['XPP1_MOUSE']
Q8VCT3,['AMPB_MOUSE']
P49813,['TMOD1_MOUSE']
P55288,['CAD11_MOUSE']
P62702,['RS4X_MOUSE']
P10605,['CATB_MOUSE']
Q8BHK1,['NIPA1_MOUSE']
Q9DC16,['ERGI1_MOUSE']
Q6I6G8,['HECW2_MOUSE']
Q8VCW8,['ACSF2_MOUSE']
Q5RJI5,['BRSK1_MOUSE']
Q3TJZ6,['FA98A_MOUSE']
Q9DB72,['BTBDH_MOUSE']
Q61029,['LAP2B_MOUSE']
Q91Z31,['PTBP2_MOUSE']
Q99K85,['SERC_MOUSE']
P61087,['UBE2K_MOUSE']
Q62448,['IF4G2_MOUSE']
Q64010,['CRK_MOUSE']
Q9CR57,['RL14_MOUSE']
Q6ZPE2,['MTMR5_MOUSE']
Q8CHP5,['PYM1_MOUSE']
Q91VN4,['MIC25_MOUSE']
Q14BB9,['MA6D1_MOUSE']
Q9Z1F9,['SAE2_MOUSE']
P35282,['RAB21_MOUSE']
Q8BGB9,['UBR4_MOUSE']
Q80XN0,['BDH_MOUSE']
Q99K51,['PLST_MOUSE']
Q922Q4,['P5CR2_MOUSE']
Q5FWK3,['RHG01_MOUSE']
Q9WVE8,['PACN2_MOUSE']
Q9CX86,['ROA0_MOUSE']
Q8R2R9,['AP3M2_MOUSE']
Q9QZM0,['UBQL2_MOUSE']
Q9ES28,['ARHG7_MOUSE']
P62082,['RS7_MOUSE']
Q8R4E6,['PURG_MOUSE']
P42208,['SEPT2_MOUSE']
Q8BTV2,['CPSF7_MOUSE']
Q6ZPJ3,['UBE2O_MOUSE']
Q9QXL1,['KI21B_MOUSE']
O08914,['FAAH1_MOUSE']
Q8R570,['SNP47_MOUSE']
Q6A065,['CE170_MOUSE']
Q8C7M3,['TRIM9_MOUSE']
A2RT62,['FXL16_MOUSE']
Q9CXW3,['CYBP_MOUSE']
Q8C078,['KKCC2_MOUSE']
P58871,['TB182_MOUSE']
O88447,['KLC1_MOUSE']
Q9ESW4,['AGK_MOUSE']
P63082,['VATL_MOUSE']
P27601,['GNA13_MOUSE']
P46664,['PURA2_MOUSE']
P20917,['MAG_MOUSE']
Q99KN9,['EPN4_MOUSE']
Q61838,['PZP_MOUSE']
P48036,['ANXA5_MOUSE']
Q99J85,['NPTXR_MOUSE']
Q8R3Z5,['CACB1_MOUSE']
Q99KQ4,['NAMPT_MOUSE']
P22315,['HEMH_MOUSE']
Q9D9V3,['ECHD1_MOUSE']
Q9CXI5,['MANF_MOUSE']
D3Z4S3,['PTRD1_MOUSE']
B9EJ86,['OSBL8_MOUSE']
Q9DCH4,['EIF3F_MOUSE']
P35802,['GPM6A_MOUSE']
Q61137,['ASTN1_MOUSE']
Q91XL9,['OSBL1_MOUSE']
Q6NXK7,['DPP10_MOUSE']
P70372,['ELAV1_MOUSE']
Q9QZD9,['EIF3I_MOUSE']
Q9DB20,['ATPO_MOUSE']
Q9JI63,['GPM6B_MOUSE']
P12970,['RL7A_MOUSE']
Q80SW1,['SAHH2_MOUSE']
P68181,['KAPCB_MOUSE']
P70398,['USP9X_MOUSE']
Q80VP0,['TCPR1_MOUSE']
Q61036,['PAK3_MOUSE']
P61021,['RAB5B_MOUSE']
Q9EQU5,['SET_MOUSE']
Q8BWS5,['GRIN3_MOUSE']
Q99L45,['IF2B_MOUSE']
Q8R127,['SCPDL_MOUSE']
Q8BG18,['NECA1_MOUSE']
Q3TC33,['CC127_MOUSE']
Q8K1Z0,['COQ9_MOUSE']
O35381,['AN32A_MOUSE']
Q91ZX7,['LRP1_MOUSE']
Q8CHT1,['NGEF_MOUSE']
Q9CPW4,['ARPC5_MOUSE']
Q99MN1,['SYK_MOUSE']
Q8K2C9,['HACD3_MOUSE']
O35083,['PLCA_MOUSE']
Q9Z2G6,['SE1L1_MOUSE']
Q61656,['DDX5_MOUSE']
Q8CGY8,['OGT1_MOUSE']
Q9DCD0,['6PGD_MOUSE']
Q9D061,['ACBD6_MOUSE']
P07356,['ANXA2_MOUSE']
Q7TPD3,['ROBO2_MOUSE']
P62746,['RHOB_MOUSE']
Q62077,['PLCG1_MOUSE']
P59999,['ARPC4_MOUSE']
Q9CRD0,['OCAD1_MOUSE']
Q3UE37,['UBE2Z_MOUSE']
Q8R5H6,['WASF1_MOUSE']
Q64152,['BTF3_MOUSE']
Q9JJU8,['SH3L1_MOUSE']
Q9Z1Q9,['SYVC_MOUSE']
O35344,['IMA4_MOUSE']
O70311,['NMT2_MOUSE']
P62482,['KCAB2_MOUSE']
Q3UJU9,['RMD3_MOUSE']
Q91VZ6,['SMAP1_MOUSE']
Q9QYA2,['TOM40_MOUSE']
Q2PFD7,['PSD3_MOUSE']
P0C673,['IGS11_MOUSE']
A2ARK0,['FA83C_MOUSE']
P08226,['APOE_MOUSE']
P80313,['TCPH_MOUSE']
Q9Z2U0,['PSA7_MOUSE']
Q9WTP6,['KAD2_MOUSE']
Q6NZL0,['SOGA3_MOUSE']
P70407,['CADH9_MOUSE']
Q9D967,['MGDP1_MOUSE']
Q8CGF6,['WDR47_MOUSE']
P62835,['RAP1A_MOUSE']
P46425,['GSTP2_MOUSE']
Q3UEB3,['PUF60_MOUSE']
P08556,['RASN_MOUSE']
P63321,['RALA_MOUSE']
Q9Z204,['HNRPC_MOUSE']
Q8C1A5,['THOP1_MOUSE']
Q9DBF1,['AL7A1_MOUSE']
Q3U1F9,['PHAG1_MOUSE']
Q3UH66,['WNK2_MOUSE']
Q9D1T0,['LIGO1_MOUSE']
Q9QYS2,['GRM3_MOUSE']
Q3U5Q7,['CMPK2_MOUSE']
Q8BMJ2,['SYLC_MOUSE']
Q9R1Q9,['VAS1_MOUSE']
Q9CQS4,['S2546_MOUSE']
Q9D832,['DNJB4_MOUSE']
P10833,['RRAS_MOUSE']
O88910,['MPP3_MOUSE']
Q9JLN9,['MTOR_MOUSE']
P12023,['A4_MOUSE']
P63034,['CYH2_MOUSE']
P13020,['GELS_MOUSE']
Q9D052,['LYRIC_MOUSE']
Q5SUC9,['SCO1_MOUSE']
Q05BC3,['EMAL1_MOUSE']
Q8CFS3,['S4A10_MOUSE']
P61202,['CSN2_MOUSE']
Q99JB2,['STML2_MOUSE']
Q8QZV4,['ST32C_MOUSE']
Q8CHX7,['RFTN2_MOUSE']
Q5NBX1,['COBL_MOUSE']
Q8BFQ8,['GALD1_MOUSE']
P62192,['PRS4_MOUSE']
Q9CRB9,['MIC19_MOUSE']
Q8BSS9,['LIPA2_MOUSE']
Q9QUR6,['PPCE_MOUSE']
P51863,['VA0D1_MOUSE']
Q8BMK4,['CKAP4_MOUSE']
Q9ER72,['SYCC_MOUSE']
O54991,['CNTP1_MOUSE']
Q91ZJ5,['UGPA_MOUSE']
Q9JKC6,['CEND_MOUSE']
Q8BFZ9,['ERLN2_MOUSE']
O08529,['CAN2_MOUSE']
Q91WS0,['CISD1_MOUSE']
P26231,['CTNA1_MOUSE']
O88746,['TOM1_MOUSE']
O70194,['EIF3D_MOUSE']
O55234,['PSB5_MOUSE']
B1AZP2,['DLGP4_MOUSE']
Q78ZA7,['NP1L4_MOUSE']
P06801,['MAOX_MOUSE']
P35278,['RAB5C_MOUSE']
Q3B7Z2,['OSBP1_MOUSE']
Q3UMG5,['LRCH2_MOUSE']
Q8R361,['RFIP5_MOUSE']
P15508,['SPTB1_MOUSE']
Q9CXZ1,['NDUS4_MOUSE']
Q9QYJ0,['DNJA2_MOUSE']
Q00623,['APOA1_MOUSE']
Q3UI70,['GNAS2_MOUSE']
P62830,['RL23_MOUSE']
Q9JLB0,['MPP6_MOUSE']
Q68FF6,['GIT1_MOUSE']
Q9D1Q6,['ERP44_MOUSE']
P63276,['RS17_MOUSE']
Q9D1A2,['CNDP2_MOUSE']
Q3UIU2,['NDUB6_MOUSE']
Q9D358,['PPAC_MOUSE']
Q9DAW9,['CNN3_MOUSE']
Q8BHL3,['TB10B_MOUSE']
Q8CDN6,['TXNL1_MOUSE']
P60761,['NEUG_MOUSE']
P70392,['RGRF2_MOUSE']
Q8BP92,['RCN2_MOUSE']
Q6PDI5,['ECM29_MOUSE']
P85094,['ISC2A_MOUSE']
Q9Z2W8,['GRIA4_MOUSE']
P84099,['RL19_MOUSE']
Q61937,['NPM_MOUSE']
Q00493,['CBPE_MOUSE']
Q80VP1,['EPN1_MOUSE']
P37040,['NCPR_MOUSE']
Q8BHE3,['ATCAY_MOUSE']
Q8VEM8,['MPCP_MOUSE']
Q9D4C9,['CLVS1_MOUSE']
Q80TV8,['CLAP1_MOUSE']
Q9R0P4,['SMAP_MOUSE']
P29595,['NEDD8_MOUSE']
Q8BWM0,['PGES2_MOUSE']
Q9CQ69,['QCR8_MOUSE']
Q920P5,['KAD5_MOUSE']
Q91WJ8,['FUBP1_MOUSE']
Q8VED9,['LEGL_MOUSE']
O70589,['CSKP_MOUSE']
P28738,['KIF5C_MOUSE']
Q99MX7,['T121B_MOUSE']
Q9R0P5,['DEST_MOUSE']
P08003,['PDIA4_MOUSE']
Q9CQI3,['GMFB_MOUSE']
Q61733,['RT31_MOUSE']
O88738,['BIRC6_MOUSE']
Q9CQC7,['NDUB4_MOUSE']
Q62351,['TFR1_MOUSE']
Q9CQ62,['DECR_MOUSE']
Q3TWI9,['CSCL2_MOUSE']
Q6RHR9,['MAGI1_MOUSE']
Q60829,['PPR1B_MOUSE']
P97450,['ATP5J_MOUSE']
Q8K221,['ARFP2_MOUSE']
Q91WM1,['STRBP_MOUSE']
Q6PAK3,['ANM8_MOUSE']
Q9ER00,['STX12_MOUSE']
P0C0A3,['CHMP6_MOUSE']
Q99MK8,['ARBK1_MOUSE']
Q0V8T9,['CTP5A_MOUSE']
Q9R257,['HEBP1_MOUSE']
P28867,['KPCD_MOUSE']
Q8VCM7,['FIBG_MOUSE']
Q4VAA2,['CDV3_MOUSE']
P62761,['VISL1_MOUSE']
Q5SQX6,['CYFP2_MOUSE']
Q9Z2U1,['PSA5_MOUSE']
Q8BHW2,['OSCP1_MOUSE']
Q7TMF3,['NDUAC_MOUSE']
Q9D0L8,['MCES_MOUSE']
Q99L47,['F10A1_MOUSE']
P35821,['PTN1_MOUSE']
Q9DC70,['NDUS7_MOUSE']
Q8R2Y0,['ABHD6_MOUSE']
P97441,['ZNT3_MOUSE']
Q60960,['IMA5_MOUSE']
Q8K3X4,['I2BPL_MOUSE']
Q6NS60,['FBX41_MOUSE']
Q8BTX9,['HSDL1_MOUSE']
Q8R3G1,['PP1R8_MOUSE']
P70206,['PLXA1_MOUSE']
Q9JKX6,['NUDT5_MOUSE']
Q9CZP7,['CD37L_MOUSE']
P28667,['MRP_MOUSE']
Q8BGZ1,['HPCL4_MOUSE']
D3YZI9,['PGBD5_MOUSE']
Q9CQV1,['TIM16_MOUSE']
Q61768,['KINH_MOUSE']
Q91VW3,['SH3L3_MOUSE']
Q9CQ60,['6PGL_MOUSE']
Q8VHH5,['AGAP3_MOUSE']
Q641P0,['ARP3B_MOUSE']
P55066,['NCAN_MOUSE']
Q9DCL9,['PUR6_MOUSE']
Q80TL0,['PPM1E_MOUSE']
P35438,['NMDZ1_MOUSE']
Q61831,['MK10_MOUSE']
Q6ZQ18,['EFR3B_MOUSE']
O54962,['BAF_MOUSE']
Q8BW75,['AOFB_MOUSE']
B2RUJ5,['APBA1_MOUSE']
P56135,['ATPK_MOUSE']
Q8R010,['AIMP2_MOUSE']
Q8BQP9,['R7BP_MOUSE']
P16054,['KPCE_MOUSE']
Q8VBT0,['TMX1_MOUSE']
P53994,['RAB2A_MOUSE']
Q8R3B1,['PLCD1_MOUSE']
P70232,['NCHL1_MOUSE']
P54822,['PUR8_MOUSE']
Q9WVR4,['FXR2_MOUSE']
P32037,['GTR3_MOUSE']
P62196,['PRS8_MOUSE']
P53026,['RL10A_MOUSE']
Q505F5,['LRC47_MOUSE']
P35762,['CD81_MOUSE']
P62743,['AP2S1_MOUSE']
P61222,['ABCE1_MOUSE']
Q99NF2,['NSMF_MOUSE']
O08919,['NUMBL_MOUSE']
Q8VCD6,['REEP2_MOUSE']
Q9JIF7,['COPB_MOUSE']
Q8CGK7,['GNAL_MOUSE']
Q91ZR1,['RAB4B_MOUSE']
Q8BG92,['CLVS2_MOUSE']
P40336,['VP26A_MOUSE']
O89026,['ROBO1_MOUSE']
P49615,['CDK5_MOUSE']
Q9D5T0,['ATAD1_MOUSE']
Q5M8N0,['CNRP1_MOUSE']
Q8R549,['SH3K1_MOUSE']
O88545,['CSN6_MOUSE']
Q9QUR8,['SEM7A_MOUSE']
Q7M6Y3,['PICAL_MOUSE']
P70414,['NAC1_MOUSE']
O35639,['ANXA3_MOUSE']
E9Q7G0,['NUMA1_MOUSE']
Q99M87,['DNJA3_MOUSE']
P35979,['RL12_MOUSE']
Q07133,['H1T_MOUSE']
Q8VE70,['PDC10_MOUSE']
P70699,['LYAG_MOUSE']
Q68FL4,['SAHH3_MOUSE']
Q9D6S7,['RRFM_MOUSE']
O08915,['AIP_MOUSE']
P55088,['AQP4_MOUSE']
Q921F2,['TADBP_MOUSE']
Q8JZK9,['HMCS1_MOUSE']
O09167,['RL21_MOUSE']
Q925I1,['ATAD3_MOUSE']
Q07076,['ANXA7_MOUSE']
Q62442,['VAMP1_MOUSE']
Q8BGU5,['CCNY_MOUSE']
Q8C996,['TM163_MOUSE']
Q8C754,['VPS52_MOUSE']
Q99NF3,['CEP41_MOUSE']
Q61081,['CDC37_MOUSE']
Q8BNW9,['KBTBB_MOUSE']
P61028,['RAB8B_MOUSE']
A2A690,['TANC2_MOUSE']
Q922P8,['T132A_MOUSE']
Q8BTM8,['FLNA_MOUSE']
Q9DCT8,['CRIP2_MOUSE']
O89023,['TPP1_MOUSE']
Q93092,['TALDO_MOUSE']
Q8BWG8,['ARRB1_MOUSE']
P23198,['CBX3_MOUSE']
Q9WV18,['GABR1_MOUSE']
P48774,['GSTM5_MOUSE']
O70325,['GPX41_MOUSE']
Q923X2,['MFN2_MOUSE']
Q9EPU0,['RENT1_MOUSE']
P50153,['GBG4_MOUSE']
Q63844,['MK03_MOUSE']
P50096,['IMDH1_MOUSE']
Q2TPA8,['HSDL2_MOUSE']
P51660,['DHB4_MOUSE']
P24549,['AL1A1_MOUSE']
Q8VDU5,['SNRK_MOUSE']
Q8BHN3,['GANAB_MOUSE']
O55029,['COPB2_MOUSE']
Q7TQI3,['OTUB1_MOUSE']
Q9CQ22,['LTOR1_MOUSE']
Q3U7R1,['ESYT1_MOUSE']
Q3TDD9,['PPR21_MOUSE']
P45952,['ACADM_MOUSE']
Q9CXY6,['ILF2_MOUSE']
Q6PHZ3,['ELAV4_MOUSE']
P59017,['B2L13_MOUSE']
Q6PCP5,['MFF_MOUSE']
Q8BRK8,['AAPK2_MOUSE']
Q9WTR5,['CAD13_MOUSE']
P61961,['UFM1_MOUSE']
Q9Z1Z0,['USO1_MOUSE']
P54071,['IDHP_MOUSE']
P55258,['RAB8A_MOUSE']
P12815,['PDCD6_MOUSE']
O35382,['EXOC4_MOUSE']
P19253,['RL13A_MOUSE']
Q9WTR1,['TRPV2_MOUSE']
Q920B9,['SP16H_MOUSE']
Q9JM52,['MINK1_MOUSE']
Q9WVK4,['EHD1_MOUSE']
Q6PFR5,['TRA2A_MOUSE']
P23492,['PNPH_MOUSE']
O35874,['SATT_MOUSE']
Q9QZQ8,['H2AY_MOUSE']
Q69ZK9,['NLGN2_MOUSE']
Q8K354,['CBR3_MOUSE']
Q03958,['PFD6_MOUSE']
Q9QYB1,['CLIC4_MOUSE']
Q80UY2,['KCMF1_MOUSE']
Q9CRB8,['MTFP1_MOUSE']
Q8R0S2,['IQEC1_MOUSE']
Q9R1V7,['ADA23_MOUSE']
Q8BI84,['TGO1_MOUSE']
Q8K212,['PACS1_MOUSE']
Q80YA9,['CNKR2_MOUSE']
Q8VHV1,['BAALC_MOUSE']
Q8C2Q3,['RBM14_MOUSE']
Q8K268,['ABCF3_MOUSE']
Q8BMF3,['MAON_MOUSE']
Q6PGE7,['SC6A7_MOUSE']
Q8BHG1,['NRDC_MOUSE']
P97445,['CAC1A_MOUSE']
P11438,['LAMP1_MOUSE']
Q6PDI6,['MINY2_MOUSE']
P97352,['S10AD_MOUSE']
Q9CQC9,['SAR1B_MOUSE']
Q3THE2,['ML12B_MOUSE']
P28028,['BRAF_MOUSE']
Q9EP89,['LACTB_MOUSE']
Q9JMF3,['GBG13_MOUSE']
Q9DD18,['DTD1_MOUSE']
Q9JIA1,['LGI1_MOUSE']
Q80ZS3,['RT26_MOUSE']
Q6WQJ1,['DGLA_MOUSE']
Q3TCH7,['CUL4A_MOUSE']
Q9JLV5,['CUL3_MOUSE']
Q5DQR4,['STB5L_MOUSE']
Q9ERE7,['MESD_MOUSE']
O08989,['RASM_MOUSE']
P58389,['PTPA_MOUSE']
Q8CHA8,['SKT_MOUSE']
Q8BX70,['VP13C_MOUSE']
Q9QYR9,['ACOT2_MOUSE']
Q99KY4,['GAK_MOUSE']
Q6PDG5,['SMRC2_MOUSE']
P28741,['KIF3A_MOUSE']
Q9R0Q3,['TMED2_MOUSE']
Q5H8C4,['VP13A_MOUSE']
Q9Z1X4,['ILF3_MOUSE']
Q9QXY6,['EHD3_MOUSE']
P60229,['EIF3E_MOUSE']
Q8K273,['MMGT1_MOUSE']
Q91VE0,['S27A4_MOUSE']
P61294,['RAB6B_MOUSE']
Q80X85,['RT07_MOUSE']
Q91YS8,['KCC1A_MOUSE']
Q78PY7,['SND1_MOUSE']
P51655,['GPC4_MOUSE']
Q8BFU3,['RN214_MOUSE']
Q8VE06,['HP1B3_MOUSE']
Q8K4Z3,['NNRE_MOUSE']
Q80TR1,['AGRL1_MOUSE']
Q8CBY8,['DCTN4_MOUSE']
Q8CIB5,['FERM2_MOUSE']
Q8CIN6,['CELF3_MOUSE']
Q9CQR4,['ACO13_MOUSE']
Q9D379,['HYEP_MOUSE']
Q9JKB1,['UCHL3_MOUSE']
Q80W54,['FACE1_MOUSE']
Q2NL51,['GSK3A_MOUSE']
Q91XI1,['DUS3L_MOUSE']
Q8K0D5,['EFGM_MOUSE']
Q62095,['DDX3Y_MOUSE']
Q8BG05,['ROA3_MOUSE']
Q8VDK1,['NIT1_MOUSE']
Q8BGS2,['BOLA2_MOUSE']
Q9D898,['ARP5L_MOUSE']
Q99J08,['S14L2_MOUSE']
Q9JM76,['ARPC3_MOUSE']
A2ALS5,['RPGP1_MOUSE']
Q6PHN9,['RAB35_MOUSE']
Q60817,['NACA_MOUSE']
Q922D8,['C1TC_MOUSE']
Q8CBE3,['WDR37_MOUSE']
Q8CE50,['SNX30_MOUSE']
Q9Z140,['CPNE6_MOUSE']
Q8BL97,['SRSF7_MOUSE']
Q920N7,['SYT12_MOUSE']
Q99LG2,['TNPO2_MOUSE']
O89084,['PDE4A_MOUSE']
O54865,['GCYB1_MOUSE']
Q6AXD9,['K1109_MOUSE']
Q80WM4,['HPLN4_MOUSE']
E9Q6P5,['TTC7B_MOUSE']
F6ZDS4,['TPR_MOUSE']
Q61062,['DVL3_MOUSE']
Q6NSW3,['SPKAP_MOUSE']
Q9CY58,['PAIRB_MOUSE']
Q8BH44,['COR2B_MOUSE']
Q9QZB7,['ARP10_MOUSE']
P20444,['KPCA_MOUSE']
Q6URW6,['MYH14_MOUSE']
A2BH40,['ARI1A_MOUSE']
Q9JHL1,['NHRF2_MOUSE']
Q6P5E4,['UGGG1_MOUSE']
Q64442,['DHSO_MOUSE']
P14869,['RLA0_MOUSE']
B2RXS4,['PLXB2_MOUSE']
Q8R1B5,['CPLX3_MOUSE']
Q9JKK1,['STX6_MOUSE']
Q9WUM3,['COR1B_MOUSE']
P56565,['S10A1_MOUSE']
Q9CRY7,['GDPD1_MOUSE']
Q80UJ7,['RB3GP_MOUSE']
P56371,['RAB4A_MOUSE']
P55096,['ABCD3_MOUSE']
Q9ERU9,['RBP2_MOUSE']
P35293,['RAB18_MOUSE']
Q99KP3,['CRYL1_MOUSE']
P47911,['RL6_MOUSE']
Q9Z2X1,['HNRPF_MOUSE']
Q5SSM3,['RHG44_MOUSE']
O89079,['COPE_MOUSE']
Q5F2E8,['TAOK1_MOUSE']
Q91V09,['WDR13_MOUSE']
Q62165,['DAG1_MOUSE']
Q9JM13,['RABX5_MOUSE']
Q9ES56,['TPPC4_MOUSE']
Q9D486,['CMIP_MOUSE']
Q9CX56,['PSMD8_MOUSE']
Q03137,['EPHA4_MOUSE']
P83940,['ELOC_MOUSE']
Q9Z2W0,['DNPEP_MOUSE']
Q9D880,['TIM50_MOUSE']
Q61024,['ASNS_MOUSE']
P46737,['BRCC3_MOUSE']
P34152,['FAK1_MOUSE']
Q8R317,['UBQL1_MOUSE']
O88878,['ZFAN5_MOUSE']
P47199,['QOR_MOUSE']
P48542,['KCNJ6_MOUSE']
O54988,['SLK_MOUSE']
Q8JZW4,['CPNE5_MOUSE']
Q9CV63,['PREP_MOUSE']
Q9R0D8,['WDR54_MOUSE']
P36993,['PPM1B_MOUSE']
Q9QXB9,['DRG2_MOUSE']
O54833,['CSK22_MOUSE']
Q61074,['PPM1G_MOUSE']
P84096,['RHOG_MOUSE']
Q8VD75,['HIP1_MOUSE']
Q6PB66,['LPPRC_MOUSE']
Q6P5F9,['XPO1_MOUSE']
Q8VDM4,['PSMD2_MOUSE']
P70290,['EM55_MOUSE']
P26369,['U2AF2_MOUSE']
Q9CQH7,['BT3L4_MOUSE']
Q9CZW4,['ACSL3_MOUSE']
Q99KK7,['DPP3_MOUSE']
Q64336,['TBR1_MOUSE']
P10711,['TCEA1_MOUSE']
P11276,['FINC_MOUSE']
P61089,['UBE2N_MOUSE']
Q8K0E8,['FIBB_MOUSE']
Q62093,['SRSF2_MOUSE']
Q68FD9,['K1549_MOUSE']
O54724,['CAVN1_MOUSE']
O35286,['DHX15_MOUSE']
Q9R0N7,['SYT7_MOUSE']
O35607,['BMPR2_MOUSE']
Q8BH66,['ATLA1_MOUSE']
Q5SWT3,['S2535_MOUSE']
Q99LD4,['CSN1_MOUSE']
Q9QUJ7,['ACSL4_MOUSE']
Q9QUP5,['HPLN1_MOUSE']
Q62083,['PICK1_MOUSE']
Q9JLT4,['TRXR2_MOUSE']
P55012,['S12A2_MOUSE']
Q8C0M9,['ASGL1_MOUSE']
Q9D666,['SUN1_MOUSE']
A2ASQ1,['AGRIN_MOUSE']
Q3UHB1,['NT5D3_MOUSE']
Q9CR29,['CCD43_MOUSE']
Q8K400,['STXB5_MOUSE']
P15327,['PMGE_MOUSE']
P60487,['PLPP_MOUSE']
O70161,['PI51C_MOUSE']
Q0VBF8,['STUM_MOUSE']
Q8K3I4,['MYRIP_MOUSE']
Q0KL02,['TRIO_MOUSE']
Q8C522,['ENDD1_MOUSE']
Q9D7M1,['GID8_MOUSE']
Q921M3,['SF3B3_MOUSE']
P62264,['RS14_MOUSE']
Q9JLB9,['NECT3_MOUSE']
Q80Y56,['RBNS5_MOUSE']
P47955,['RLA1_MOUSE']
D3YXK2,['SAFB1_MOUSE']
Q62383,['SPT6H_MOUSE']
Q6PEB6,['PHOCN_MOUSE']
Q8BPQ7,['SGSM1_MOUSE']
Q05D44,['IF2P_MOUSE']
Q9WU28,['PFD5_MOUSE']
Q6P4S6,['SIK3_MOUSE']
Q3UFY8,['MRRP1_MOUSE']
Q9QZ73,['DCNL1_MOUSE']
Q8C163,['EXOG_MOUSE']
Q99JP7,['GGT7_MOUSE']
Q5SUR0,['PUR4_MOUSE']
Q3U0K8,['OGFD1_MOUSE']
Q8CCJ4,['AMER2_MOUSE']
Q8R1F9,['RPP40_MOUSE']
Q8BNU0,['ARMC6_MOUSE']
Q8C8N2,['SCAI_MOUSE']
Q08460,['KCMA1_MOUSE']
Q80UG2,['PLXA4_MOUSE']
O08586,['PTEN_MOUSE']
Q91VI7,['RINI_MOUSE']
A2A8Z1,['OSBL9_MOUSE']
Q9QUR7,['PIN1_MOUSE']
Q8C8B8,['SNPH_MOUSE']
Q9JIY5,['HTRA2_MOUSE']
Q91Z61,['DIRA1_MOUSE']
Q80YX1,['TENA_MOUSE']
Q62159,['RHOC_MOUSE']
Q68FH0,['PKP4_MOUSE']
O35099,['M3K5_MOUSE']
Q3U214,['MAST3_MOUSE']
Q9WV02,['RBMX_MOUSE']
Q8CI51,['PDLI5_MOUSE']
Q9JI46,['NUDT3_MOUSE']
P47791,['GSHR_MOUSE']
Q9D8N0,['EF1G_MOUSE']
Q3UPL0,['SC31A_MOUSE']
P51880,['FABP7_MOUSE']
Q8CCB4,['VPS53_MOUSE']
O35226,['PSMD4_MOUSE']
Q9CWK8,['SNX2_MOUSE']
Q07813,['BAX_MOUSE']
Q3V3V9,['CARL2_MOUSE']
P97825,['JUPI1_MOUSE']
O35900,['LSM2_MOUSE']
Q3V3Q7,['PACS2_MOUSE']
P01027,['CO3_MOUSE']
O88986,['KBL_MOUSE']
Q9QYK7,['RNF11_MOUSE']
Q80TI0,['GRM1B_MOUSE']
P62774,['MTPN_MOUSE']
Q8R3Q2,['PP6R2_MOUSE']
Q78JW9,['UBFD1_MOUSE']
O70492,['SNX3_MOUSE']
Q8JZN5,['ACAD9_MOUSE']
Q811G3,['SON_MOUSE']
O70591,['PFD2_MOUSE']
P49025,['CTRO_MOUSE']
F8VPU2,['FARP1_MOUSE']
Q5GH67,['XKR4_MOUSE']
Q8BIZ1,['ANS1B_MOUSE']
Q8BJI1,['S6A17_MOUSE']
B5TVM2,['ILDR2_MOUSE']
Q9D7A8,['ARMC1_MOUSE']
Q80WT5,['AFTIN_MOUSE']
P32067,['LA_MOUSE']
Q9JKB9,['MIRO1_MOUSE']
Q8VBY2,['KKCC1_MOUSE']
Q3UHX2,['HAP28_MOUSE']
O35609,['SCAM3_MOUSE']
P62075,['TIM13_MOUSE']
P70441,['NHRF1_MOUSE']
P60122,['RUVB1_MOUSE']
Q60972,['RBBP4_MOUSE']
Q9WTP7,['KAD3_MOUSE']
Q9CR51,['VATG1_MOUSE']
Q3URE1,['ACSF3_MOUSE']
O55125,['NIPS1_MOUSE']
P56395,['CYB5_MOUSE']
Q9QZI8,['SERC1_MOUSE']
P63115,['AAA1_MOUSE']
A6H5Z3,['EXC6B_MOUSE']
Q5F285,['TM256_MOUSE']
P62996,['TRA2B_MOUSE']
Q8BMP6,['GCP60_MOUSE']
Q922W5,['P5CR1_MOUSE']
B0F2B4,['NLGN4_MOUSE']
Q9Z0V1,['KCND3_MOUSE']
Q8K298,['ANLN_MOUSE']
Q8K274,['KT3K_MOUSE']
Q80U58,['PUM2_MOUSE']
P51906,['EAA3_MOUSE']
P27545,['CERS1_MOUSE']
Q8VDH1,['FBX21_MOUSE']
Q80V34,['DIDO1_MOUSE']
P54923,['ADPRH_MOUSE']
Q08509,['EPS8_MOUSE']
O70503,['DHB12_MOUSE']
Q80TL1,['ADCY2_MOUSE']
Q9D9K9,['GTF2I_MOUSE']
Q64735,['CR1L_MOUSE']
Q60749,['KHDR1_MOUSE']
Q9D404,['OXSM_MOUSE']
Q61292,['LAMB2_MOUSE']
Q9CYZ2,['TPD54_MOUSE']
Q60692,['PSB6_MOUSE']
Q9WUM4,['COR1C_MOUSE']
Q8BGN3,['ENPP6_MOUSE']
Q58A65,['JIP4_MOUSE']
O89017,['LGMN_MOUSE']
P42567,['EPS15_MOUSE']
Q7TSC1,['PRC2A_MOUSE']
Q8QZT2,['CCSAP_MOUSE']
Q99L04,['DHRS1_MOUSE']
O08644,['EPHB6_MOUSE']
Q99MR8,['MCCA_MOUSE']
O55100,['SNG1_MOUSE']
Q9R0U7,['JIP3_MOUSE']
P35822,['PTPRK_MOUSE']
P62754,['RS6_MOUSE']
Q6P9Q6,['FKB15_MOUSE']
P09925,['SURF1_MOUSE']
Q61239,['FNTA_MOUSE']
Q99PL2,['RRBP1_MOUSE']
Q9EPR5,['SORC2_MOUSE']
P61514,['RL37A_MOUSE']
Q8BK63,['KC1A_MOUSE']
Q9QXK3,['COPG2_MOUSE']
Q8R1I1,['QCR9_MOUSE']
P67871,['CSK2B_MOUSE']
P98203,['ARVC_MOUSE']
Q7TPH6,['MYCB2_MOUSE']
Q9QZ06,['TOLIP_MOUSE']
Q3UH60,['DIP2B_MOUSE']
Q7TQH0,['ATX2L_MOUSE']
O35465,['FKBP8_MOUSE']
Q8C437,['PEX5R_MOUSE']
Q9D4F8,['GCP4_MOUSE']
Q9D1J3,['SARNP_MOUSE']
Q9DCJ5,['NDUA8_MOUSE']
Q3TDK6,['ROGDI_MOUSE']
Q61001,['LAMA5_MOUSE']
Q9R0M6,['RAB9A_MOUSE']
Q4FZG7,['TI8AB_MOUSE']
Q03517,['SCG2_MOUSE']
P62307,['RUXF_MOUSE']
Q7TT37,['ELP1_MOUSE']
Q61016,['GBG7_MOUSE']
Q3UEZ8,['NTCP4_MOUSE']
S4R1M9,['OSB10_MOUSE']
Q9CT75,['ELMO2_MOUSE']
Q8K4Z5,['SF3A1_MOUSE']
P35922,['FMR1_MOUSE']
Q9CZD3,['GARS_MOUSE']
Q9D1E8,['PLCE_MOUSE']
P26041,['MOES_MOUSE']
P05480,['SRC_MOUSE']
Q8BFP9,['PDK1_MOUSE']
Q68EF0,['RAB3I_MOUSE']
Q8BIF0,['C99L2_MOUSE']
Q8VHK5,['MLC1_MOUSE']
O88532,['ZFR_MOUSE']
Q9JK48,['SHLB1_MOUSE']
O08997,['ATOX1_MOUSE']
Q9WVJ2,['PSD13_MOUSE']
Q78JE5,['FBX22_MOUSE']
Q6GQT9,['NOMO1_MOUSE']
Q8BIK4,['DOCK9_MOUSE']
Q80XP9,['WNK3_MOUSE']
Q5U3K5,['RABL6_MOUSE']
P62858,['RS28_MOUSE']
Q8C0P5,['COR2A_MOUSE']
Q8C7X2,['EMC1_MOUSE']
Q06185,['ATP5I_MOUSE']
Q3USB7,['PLCL1_MOUSE']
P62080,['TSN5_MOUSE']
Q6RUT7,['CSMT1_MOUSE']
Q3V1U8,['ELMD1_MOUSE']
Q8BR92,['PALM2_MOUSE']
Q924M7,['MPI_MOUSE']
P97447,['FHL1_MOUSE']
Q9QXV0,['PCSK1_MOUSE']
P57776,['EF1D_MOUSE']
Q80XR2,['AT2C1_MOUSE']
Q9QYI4,['DJB12_MOUSE']
Q9Z0U0,['XPR1_MOUSE']
P50136,['ODBA_MOUSE']
Q9CPW0,['CNTP2_MOUSE']
Q9CXW4,['RL11_MOUSE']
Q8C854,['MYEF2_MOUSE']
O55013,['TPPC3_MOUSE']
O55047,['TLK2_MOUSE']
Q6ZQK5,['ACAP2_MOUSE']
P97384,['ANX11_MOUSE']
P28474,['ADHX_MOUSE']
Q6GQS1,['SCMC3_MOUSE']
Q0V8T7,['CTP5C_MOUSE']
Q3UMU9,['HDGR2_MOUSE']
Q06890,['CLUS_MOUSE']
Q9Z2I2,['FKB1B_MOUSE']
Q9D1H7,['GET4_MOUSE']
Q9D1K2,['VATF_MOUSE']
O35375,['NRP2_MOUSE']
Q61532,['MK06_MOUSE']
O08759,['UBE3A_MOUSE']
Q925N0,['SFXN5_MOUSE']
Q9CQ89,['CUTA_MOUSE']
Q9CZX8,['RS19_MOUSE']
Q9JJ59,['ABCB9_MOUSE']
P98084,['APBA2_MOUSE']
Q8R0G7,['SPNS1_MOUSE']
Q62393,['TPD52_MOUSE']
P21278,['GNA11_MOUSE']
Q9CRC9,['GNPI2_MOUSE']
Q06335,['APLP2_MOUSE']
P97952,['SCN1B_MOUSE']
Q9CRB6,['TPPP3_MOUSE']
P62843,['RS15_MOUSE']
O08638,['MYH11_MOUSE']
Q9D1P4,['CHRD1_MOUSE']
Q921J2,['RHEB_MOUSE']
Q9JM14,['NT5C_MOUSE']
Q9EPK7,['XPO7_MOUSE']
Q9D4H1,['EXOC2_MOUSE']
O88998,['NOE1_MOUSE']
Q9WUR9,['KAD4_MOUSE']
Q8R123,['FAD1_MOUSE']
Q9D1M0,['SEC13_MOUSE']
Q8C561,['LMBD2_MOUSE']
Q8BJU0,['SGTA_MOUSE']
Q3UN02,['LCLT1_MOUSE']
Q9JLI8,['SART3_MOUSE']
Q6NVE9,['PPTC7_MOUSE']
Q9DBC0,['SELO_MOUSE']
P70265,['F262_MOUSE']
Q61102,['ABCB7_MOUSE']
P62301,['RS13_MOUSE']
O70493,['SNX12_MOUSE']
Q80TB8,['VAT1L_MOUSE']
P97390,['VPS45_MOUSE']
Q9DCP2,['S38A3_MOUSE']
P24369,['PPIB_MOUSE']
Q80Y14,['GLRX5_MOUSE']
P61329,['FGF12_MOUSE']
Q9JHW2,['NIT2_MOUSE']
O35345,['IMA7_MOUSE']
A2AFR3,['FRPD4_MOUSE']
Q8CH25,['SLTM_MOUSE']
Q9EP53,['TSC1_MOUSE']
Q9CRC8,['LRC40_MOUSE']
Q99KP6,['PRP19_MOUSE']
Q9JHU2,['PALMD_MOUSE']
Q68ED2,['GRM7_MOUSE']
Q02819,['NUCB1_MOUSE']
P29387,['GBB4_MOUSE']
O08810,['U5S1_MOUSE']
Q6P9S0,['MTSSL_MOUSE']
P28658,['ATX10_MOUSE']
Q9DCZ4,['MIC26_MOUSE']
Q9EPW0,['INP4A_MOUSE']
Q8CGA0,['PPM1F_MOUSE']
Q9EQ80,['NIF3L_MOUSE']
Q6A0A9,['F120A_MOUSE']
Q9R0X5,['RPGR_MOUSE']
Q80UK0,['SESD1_MOUSE']
P67984,['RL22_MOUSE']
Q8BS95,['GPHR_MOUSE']
P31786,['ACBP_MOUSE']
P11031,['TCP4_MOUSE']
P60521,['GBRL2_MOUSE']
Q91VC8,['ACACA_MOUSE']
Q9DBH5,['LMAN2_MOUSE']
Q64373,['B2CL1_MOUSE']
Q9ERR1,['NDEL1_MOUSE']
Q8CH09,['SUGP2_MOUSE']
P70207,['PLXA2_MOUSE']
Q9CR26,['VTA1_MOUSE']
Q9D7S7,['RL22L_MOUSE']
Q9DBR3,['ARMC8_MOUSE']
Q9Z0J4,['NOS1_MOUSE']
Q69Z98,['BRSK2_MOUSE']
Q6PGN3,['DCLK2_MOUSE']
Q9QXA5,['LSM4_MOUSE']
Q8VHL1,['SETD7_MOUSE']
Q8BH58,['TIPRL_MOUSE']
Q76LS9,['MINY1_MOUSE']
Q9QZF2,['GPC1_MOUSE']
P51410,['RL9_MOUSE']
Q32MW3,['ACO10_MOUSE']
P34022,['RANG_MOUSE']
P51163,['HEM4_MOUSE']
O89106,['FHIT_MOUSE']
Q9D8W5,['PSD12_MOUSE']
Q8BYP3,['RHOF_MOUSE']
Q8BM72,['HSP13_MOUSE']
Q99JY8,['PLPP3_MOUSE']
O88307,['SORL_MOUSE']
P99026,['PSB4_MOUSE']
Q62417,['SRBS1_MOUSE']
Q9QZ08,['NAGK_MOUSE']
P56812,['PDCD5_MOUSE']
Q91XY4,['PCDG4_MOUSE']
Q8VEH3,['ARL8A_MOUSE']
P59764,['DOCK4_MOUSE']
Q8BI08,['MAL2_MOUSE']
Q62048,['PEA15_MOUSE']
Q7TSY6,['CELF4_MOUSE']
Q91WK2,['EIF3H_MOUSE']
Q6A4J8,['UBP7_MOUSE']
Q6ZQ82,['RHG26_MOUSE']
Q8C0L0,['TMX4_MOUSE']
Q4V9Z5,['SE6L2_MOUSE']
Q569Z5,['DDX46_MOUSE']
P62812,['GBRA1_MOUSE']
Q9CZA2,['RAN_MOUSE']
Q8VHI6,['WASF3_MOUSE']
Q8BW86,['ARG33_MOUSE']
Q9WTS5,['TEN2_MOUSE']
A2AJI0,['MA7D1_MOUSE']
Q9JMG7,['HDGR3_MOUSE']
P97370,['AT1B3_MOUSE']
Q80T97,['DAB2P_MOUSE']
Q9ESP1,['SDF2L_MOUSE']
Q62318,['TIF1B_MOUSE']
O54781,['SRPK2_MOUSE']
Q9ERI6,['RDH14_MOUSE']
Q9CQ54,['NDUC2_MOUSE']
Q64296,['CD44_MOUSE']
O88848,['ARL6_MOUSE']
Q6NZJ6,['IF4G1_MOUSE']
P61327,['MGN_MOUSE']
P35235,['PTN11_MOUSE']
Q3UVX5,['GRM5_MOUSE']
Q8JZL3,['THTPA_MOUSE']
Q9JIE4,['FBX3_MOUSE']
O55222,['ILK_MOUSE']
Q2M3X8,['PHAR1_MOUSE']
Q9CQ65,['MTAP_MOUSE']
Q61207,['SAP_MOUSE']
Q3TES0,['IQEC3_MOUSE']
P10922,['H10_MOUSE']
O70435,['PSA3_MOUSE']
Q60976,['JERKY_MOUSE']
Q99NH0,['ANR17_MOUSE']
Q07235,['GDN_MOUSE']
Q8VDI7,['UBAC1_MOUSE']
A2TJV2,['PALM3_MOUSE']
Q9CQD1,['RAB5A_MOUSE']
Q9CQR6,['PPP6_MOUSE']
Q9CYG7,['TOM34_MOUSE']
Q9D7S9,['CHMP5_MOUSE']
Q8BLE7,['VGLU2_MOUSE']
Q3UUI3,['THEM4_MOUSE']
Q32M21,['GSDA2_MOUSE']
Q3UUG6,['TBC24_MOUSE']
Q7TPS5,['C2CD5_MOUSE']
E9PV24,['FIBA_MOUSE']
P70698,['PYRG1_MOUSE']
Q5SRY7,['FBW1B_MOUSE']
Q921C3,['BRWD1_MOUSE']
Q9EQZ6,['RPGF4_MOUSE']
Q9QYF1,['RDH11_MOUSE']
P32848,['PRVA_MOUSE']
Q9CQC6,['BZW1_MOUSE']
Q9D6Z1,['NOP56_MOUSE']
Q8BYL4,['SYYM_MOUSE']
P38060,['HMGCL_MOUSE']
Q9WUB4,['DCTN6_MOUSE']
Q8BYA0,['TBCD_MOUSE']
Q8VCI5,['PEX19_MOUSE']
Q99LP6,['GRPE1_MOUSE']
Q9Z1S3,['GRP1_MOUSE']
Q9JHK4,['PGTA_MOUSE']
Q3UPH1,['PRRC1_MOUSE']
Q8K1A6,['C2D1A_MOUSE']
Q8VE47,['UBA5_MOUSE']
Q9D1G5,['LRC57_MOUSE']
Q6P6I6,['GRL1A_MOUSE']
Q8BTI8,['SRRM2_MOUSE']
Q69ZS7,['HBS1L_MOUSE']
A2AWA9,['RBGP1_MOUSE']
Q9EP72,['EMC7_MOUSE']
Q9ERS2,['NDUAD_MOUSE']
Q91XU3,['PI42C_MOUSE']
Q922Q8,['LRC59_MOUSE']
Q8BHJ5,['TBL1R_MOUSE']
Q6WVG3,['KCD12_MOUSE']
Q920E5,['FPPS_MOUSE']
U5LK79,['CAMP3_MOUSE']
Q9QYI5,['DNJB2_MOUSE']
Q5SSE9,['ABCAD_MOUSE']
P62331,['ARF6_MOUSE']
P12849,['KAP1_MOUSE']
Q9CXP8,['GBG10_MOUSE']
Q6NZC7,['S23IP_MOUSE']
P28352,['APEX1_MOUSE']
Q8BXZ1,['TMX3_MOUSE']
Q8BFQ4,['WDR82_MOUSE']
P60766,['CDC42_MOUSE']
O70400,['PDLI1_MOUSE']
Q9QXK7,['CPSF3_MOUSE']
Q64331,['MYO6_MOUSE']
Q9D710,['TMX2_MOUSE']
P21460,['CYTC_MOUSE']
P57759,['ERP29_MOUSE']
P36916,['GNL1_MOUSE']
Q8R3T5,['STXB6_MOUSE']
A2AHC3,['CAMP1_MOUSE']
Q3UYG8,['MACD2_MOUSE']
P60670,['NPL4_MOUSE']
Q9D517,['PLCC_MOUSE']
Q922J6,['TSN2_MOUSE']
O35393,['EFNB3_MOUSE']
Q9DBZ5,['EIF3K_MOUSE']
P49442,['INPP_MOUSE']
Q9QZE5,['COPG1_MOUSE']
Q6Y685,['TACC1_MOUSE']
O54916,['REPS1_MOUSE']
Q9CR41,['HYPK_MOUSE']
Q9JIH2,['NUP50_MOUSE']
Q61290,['CAC1E_MOUSE']
Q60668,['HNRPD_MOUSE']
Q569Z6,['TR150_MOUSE']
Q9Z1Q2,['ABHGA_MOUSE']
Q9ER35,['FN3K_MOUSE']
Q6ZPU9,['KBP_MOUSE']
Q9Z1J3,['NFS1_MOUSE']
Q8BH50,['CR025_MOUSE']
Q9QYH6,['MAGD1_MOUSE']
O09172,['GSH0_MOUSE']
O55135,['IF6_MOUSE']
P16332,['MUTA_MOUSE']
Q8K0C9,['GMDS_MOUSE']
P42125,['ECI1_MOUSE']
Q9D2N4,['DTNA_MOUSE']
Q9JHR7,['IDE_MOUSE']
P48320,['DCE2_MOUSE']
Q8BVA2,['TM222_MOUSE']
Q9JIG8,['PRAF2_MOUSE']
Q8BZL4,['GPR22_MOUSE']
O08756,['HCD2_MOUSE']
Q922D4,['PP6R3_MOUSE']
Q6PAJ1,['BCR_MOUSE']
Q8C0C0,['ZHX2_MOUSE']
Q8C0E3,['TRI47_MOUSE']
P0DM40,['FR1L5_MOUSE']
Q9JK46,['ZNT9_MOUSE']
Q9WTQ5,['AKA12_MOUSE']
P60824,['CIRBP_MOUSE']
Q00915,['RET1_MOUSE']
Q8CDG3,['VCIP1_MOUSE']
Q5SNZ0,['GRDN_MOUSE']
Q9CYH2,['F213A_MOUSE']
P14576,['SRP54_MOUSE']
P61358,['RL27_MOUSE']
Q7TMS5,['ABCG2_MOUSE']
Q99NB1,['ACS2L_MOUSE']
Q8R3S6,['EXOC1_MOUSE']
Q8JZQ9,['EIF3B_MOUSE']
P58044,['IDI1_MOUSE']
P50544,['ACADV_MOUSE']
Q9CQB5,['CISD2_MOUSE']
Q9D6U8,['F162A_MOUSE']
Q5M8N4,['D39U1_MOUSE']
Q9CQY5,['MAGT1_MOUSE']
Q8K135,['K319L_MOUSE']
Q68FM6,['PPR29_MOUSE']
Q60854,['SPB6_MOUSE']
Q8C7K6,['PCYXL_MOUSE']
Q9Z2I8,['SUCB2_MOUSE']
Q91XE8,['TM205_MOUSE']
Q8BGZ7,['K2C75_MOUSE']
Q8CCF0,['PRP31_MOUSE']
Q6PDL0,['DC1L2_MOUSE']
Q05793,['PGBM_MOUSE']
Q3UMR5,['MCU_MOUSE']
Q9EQJ9,['MAGI3_MOUSE']
Q91Y13,['PCDA7_MOUSE']
P02301,['H3C_MOUSE']
Q9D6J5,['NDUB8_MOUSE']
P50428,['ARSA_MOUSE']
P14148,['RL7_MOUSE']
P62849,['RS24_MOUSE']
Q80T41,['GABR2_MOUSE']
P24668,['MPRD_MOUSE']
Q7M750,['OPALI_MOUSE']
Q91WG7,['DGKG_MOUSE']
Q8CHT0,['AL4A1_MOUSE']
Q91YM2,['RHG35_MOUSE']
Q921S7,['RM37_MOUSE']
Q9WUU9,['GANP_MOUSE']
Q9JM96,['BORG4_MOUSE']
Q69ZW3,['EHBP1_MOUSE']
Q99KV1,['DJB11_MOUSE']
P68037,['UB2L3_MOUSE']
Q9EQI9,['PLBL2_MOUSE']
Q9WV80,['SNX1_MOUSE']
Q7TN29,['SMAP2_MOUSE']
Q9D0R8,['LSM12_MOUSE']
Q80XI3,['IF4G3_MOUSE']
Q3V188,['ENDOU_MOUSE']
Q3UMY5,['EMAL4_MOUSE']
P40237,['CD82_MOUSE']
Q8BM13,['NOE2_MOUSE']
Q923D5,['WBP11_MOUSE']
O88533,['DDC_MOUSE']
Q8R555,['CRAC1_MOUSE']
Q9JMA1,['UBP14_MOUSE']
Q9Z2Q5,['RM40_MOUSE']
Q80UM7,['MOGS_MOUSE']
Q3TDN2,['FAF2_MOUSE']
P63001,['RAC1_MOUSE']
Q3U319,['BRE1B_MOUSE']
Q61387,['COX7R_MOUSE']
P47802,['MTX1_MOUSE']
Q9Z0G0,['GIPC1_MOUSE']
Q3TY60,['F131B_MOUSE']
Q9D2V7,['CORO7_MOUSE']
Q68FL6,['SYMC_MOUSE']
Q8BMA6,['SRP68_MOUSE']
Q8BRF7,['SCFD1_MOUSE']
Q5NCR9,['NSRP1_MOUSE']
P56716,['RP1_MOUSE']
Q63912,['OMGP_MOUSE']
Q7TPV4,['MBB1A_MOUSE']
P11679,['K2C8_MOUSE']
Q8R164,['BPHL_MOUSE']
Q3UHK1,['MYCT_MOUSE']
P35283,['RAB12_MOUSE']
Q9D1H6,['NDUF4_MOUSE']
P56376,['ACYP1_MOUSE']
P19324,['SERPH_MOUSE']
Q9ERT9,['PPR1A_MOUSE']
O35685,['NUDC_MOUSE']
Q62186,['SSRD_MOUSE']
Q9JIF0,['ANM1_MOUSE']
Q9DCS3,['MECR_MOUSE']
Q61037,['TSC2_MOUSE']
Q9JM63,['KCJ10_MOUSE']
Q00PI9,['HNRL2_MOUSE']
Q6P1D5,['SE6L1_MOUSE']
Q8VEH5,['EPMIP_MOUSE']
Q9WU79,['PROD_MOUSE']
Q80TM9,['NISCH_MOUSE']
Q61035,['SYHC_MOUSE']
O88384,['VTI1B_MOUSE']
Q91VR7,['MLP3A_MOUSE']
Q14CH7,['SYAM_MOUSE']
Q9D7N9,['APMAP_MOUSE']
P47740,['AL3A2_MOUSE']
Q8C729,['F126B_MOUSE']
Q9CQH3,['NDUB5_MOUSE']
Q8BXR1,['S7A14_MOUSE']
Q6RT24,['CENPE_MOUSE']
Q8JZP9,['GA2L1_MOUSE']
Q99NB8,['UBQL4_MOUSE']
P58021,['TM9S2_MOUSE']
Q9QXG2,['RAE1_MOUSE']
P63143,['KCAB1_MOUSE']
Q99KE1,['MAOM_MOUSE']
Q8CDA1,['SAC2_MOUSE']
Q9Z1L5,['CA2D3_MOUSE']
Q9WUA2,['SYFB_MOUSE']
P97351,['RS3A_MOUSE']
Q64213,['SF01_MOUSE']
Q6PA06,['ATLA2_MOUSE']
P62077,['TIM8B_MOUSE']
Q8R5J9,['PRAF3_MOUSE']
Q8R395,['COMD5_MOUSE']
Q8R574,['KPRB_MOUSE']
O09114,['PTGDS_MOUSE']
Q9JI90,['RNF14_MOUSE']
Q9EPL2,['CSTN1_MOUSE']
P22892,['AP1G1_MOUSE']
Q9QXM1,['JMY_MOUSE']
Q6ZWR4,['2ABB_MOUSE']
P97492,['RGS14_MOUSE']
Q8BGQ1,['SPE39_MOUSE']
P45878,['FKBP2_MOUSE']
Q9D1D4,['TMEDA_MOUSE']
Q9JKC8,['AP3M1_MOUSE']
Q9CQN7,['RM41_MOUSE']
Q99KF1,['TMED9_MOUSE']
Q8BL65,['ABLM2_MOUSE']
Q8C166,['CPNE1_MOUSE']
Q9CZM2,['RL15_MOUSE']
P0C028,['NUD11_MOUSE']
B2RUR8,['OTU7B_MOUSE']
E9Q8I9,['FRY_MOUSE']
O88291,['ZN326_MOUSE']
P36536,['SAR1A_MOUSE']
O35405,['PLD3_MOUSE']
P63046,['ST4A1_MOUSE']
Q99KW9,['TIP_MOUSE']
Q60625,['ICAM5_MOUSE']
P31650,['S6A11_MOUSE']
O55176,['PJA1_MOUSE']
Q9DCT5,['SDF2_MOUSE']
Q8WTY4,['CPIN1_MOUSE']
P14131,['RS16_MOUSE']
Q8CFE4,['SCYL2_MOUSE']
A2VDH3,['LRC38_MOUSE']
Q6ZWR6,['SYNE1_MOUSE']
Q99M80,['PTPRT_MOUSE']
O88704,['HCN1_MOUSE']
P56695,['WFS1_MOUSE']
P51855,['GSHB_MOUSE']
P28650,['PURA1_MOUSE']
Q5SXY1,['CYTSB_MOUSE']
Q9DCM2,['GSTK1_MOUSE']
Q99KR7,['PPIF_MOUSE']
Q8K1J6,['TRNT1_MOUSE']
P19536,['COX5B_MOUSE']
Q80VL1,['TDRKH_MOUSE']
Q8C5H8,['NAKD2_MOUSE']
Q9R1V4,['ADA11_MOUSE']
Q3TTY5,['K22E_MOUSE']
Q3UXZ6,['FA81A_MOUSE']
O70310,['NMT1_MOUSE']
Q9CQE1,['NPS3B_MOUSE']
Q62446,['FKBP3_MOUSE']
P70188,['KIFA3_MOUSE']
Q91VC3,['IF4A3_MOUSE']
Q8C878,['UBA3_MOUSE']
Q8BKC5,['IPO5_MOUSE']
Q9D8Y1,['T126A_MOUSE']
Q8BGF9,['S2544_MOUSE']
Q9QUH0,['GLRX1_MOUSE']
Q61599,['GDIR2_MOUSE']
Q61151,['2A5E_MOUSE']
Q9EQP2,['EHD4_MOUSE']
Q9CR20,['IR3IP_MOUSE']
Q9EPE9,['AT131_MOUSE']
Q60714,['S27A1_MOUSE']
Q03141,['MARK3_MOUSE']
Q9WUD1,['CHIP_MOUSE']
Q8BMG7,['RBGPR_MOUSE']
Q01063,['PDE4D_MOUSE']
A2A432,['CUL4B_MOUSE']
Q9DCJ1,['LST8_MOUSE']
Q8BPU7,['ELMO1_MOUSE']
Q8CI71,['VPS50_MOUSE']
Q8C0M8,['DNAI1_MOUSE']
Q9WV69,['DEMA_MOUSE']
Q3U3E2,['F117B_MOUSE']
Q9D0I9,['SYRC_MOUSE']
O35857,['TIM44_MOUSE']
Q6PDH3,['ABR_MOUSE']
Q9CX34,['SGT1_MOUSE']
Q9CT03,['PSIP1_MOUSE']
P35505,['FAAA_MOUSE']
Q8C1Q4,['METRN_MOUSE']
P07759,['SPA3K_MOUSE']
P52760,['RIDA_MOUSE']
Q8R2U6,['NUDT4_MOUSE']
P70429,['EVL_MOUSE']
P61924,['COPZ1_MOUSE']
P62322,['LSM5_MOUSE']
O35593,['PSDE_MOUSE']
Q9R2A8,['QKI_MOUSE']
Q9CWZ3,['RBM8A_MOUSE']
Q80X95,['RRAGA_MOUSE']
P62855,['RS26_MOUSE']
P61022,['CHP1_MOUSE']
P62869,['ELOB_MOUSE']
Q9DB70,['FUND1_MOUSE']
Q8VCY8,['PLPR2_MOUSE']
P63032,['RHES_MOUSE']
Q8QZY9,['SF3B4_MOUSE']
P83887,['TBG1_MOUSE']
Q99PM9,['UCK2_MOUSE']
A2AIG8,['1A1L1_MOUSE']
Q8BG02,['2ABG_MOUSE']
Q8K442,['ABC8A_MOUSE']
O35600,['ABCA4_MOUSE']
Q8K449,['ABCA9_MOUSE']
Q9DBL1,['ACDSB_MOUSE']
Q5EE38,['ACD_MOUSE']
Q9CR21,['ACPM_MOUSE']
Q9QXG4,['ACSA_MOUSE']
P41216,['ACSL1_MOUSE']
P97714,['ADA1D_MOUSE']
O88444,['ADCY1_MOUSE']
Q8VHH7,['ADCY3_MOUSE']
G3UZ78,['ADGB_MOUSE']
O54754,['AOXA_MOUSE']
Q640N1,['AEBP1_MOUSE']
O89020,['AFAM_MOUSE']
Q6PAL7,['AHDC1_MOUSE']
Q70FJ1,['AKAP9_MOUSE']
Q9DCT1,['AKCL2_MOUSE']
P97793,['ALK_MOUSE']
P97449,['AMPN_MOUSE']
P97822,['AN32E_MOUSE']
Q810B6,['ANFY1_MOUSE']
Q8CIG8,['ANM5_MOUSE']
A2AHL1,['ANO3_MOUSE']
Q6P9J9,['ANO6_MOUSE']
B2RXR6,['ANR44_MOUSE']
Q8BTI7,['ANR52_MOUSE']
Q64133,['AOFA_MOUSE']
Q03157,['APLP1_MOUSE']
E9Q414,['APOB_MOUSE']
O54794,['AQP7_MOUSE']
Q9JJJ3,['AQP9_MOUSE']
Q99K28,['ARFG2_MOUSE']
Q9Z206,['ARHG8_MOUSE']
Q80U35,['ARHGH_MOUSE']
Q8CG72,['ARHL2_MOUSE']
Q9Z1K6,['ARI2_MOUSE']
Q9EQP6,['ARRC_MOUSE']
Q9QWY8,['ASAP1_MOUSE']
Q8VHA6,['ASB18_MOUSE']
Q9WV74,['ASB1_MOUSE']
E9PZJ8,['ASCC3_MOUSE']
Q99MY8,['ASH1L_MOUSE']
Q925H0,['ASIC2_MOUSE']
O54984,['ASNA_MOUSE']
Q8CG79,['ASPP2_MOUSE']
Q8C4A5,['ASXL3_MOUSE']
Q3TYU2,['AT135_MOUSE']
Q8CDM1,['ATAD2_MOUSE']
Q64446,['ATP7B_MOUSE']
Q8R4I1,['ATX7_MOUSE']
P27038,['AVR2A_MOUSE']
Q8BHT6,['B3GLT_MOUSE']
Q8BGY6,['B3GN5_MOUSE']
O54905,['B3GT2_MOUSE']
Q3UI43,['BABA1_MOUSE']
Q80ZF8,['AGRB3_MOUSE']
Q67FY2,['BCL9L_MOUSE']
O35185,['BHE40_MOUSE']
G3X9K3,['BIG1_MOUSE']
A2A5R2,['BIG2_MOUSE']
Q2VPD4,['BMAL2_MOUSE']
P49003,['BMP5_MOUSE']
Q67E05,['BPI_MOUSE']
Q8BXV2,['BRI3B_MOUSE']
Q920P3,['BRNP1_MOUSE']
Q6DFY8,['BRNP2_MOUSE']
Q80Y55,['BSDC1_MOUSE']
E9Q173,['BTBDG_MOUSE']
Q9ESN4,['C1QL3_MOUSE']
O09047,['C3AR_MOUSE']
Q9EQG9,['C43BP_MOUSE']
Q8CAK1,['CAF17_MOUSE']
Q7TN73,['CASD1_MOUSE']
P24270,['CATA_MOUSE']
Q9R013,['CATF_MOUSE']
Q641K1,['CBPC1_MOUSE']
O89001,['CBPD_MOUSE']
Q8C6E0,['CFA36_MOUSE']
Q0VG85,['CC162_MOUSE']
E9PVB3,['CC175_MOUSE']
Q3UHB8,['CC177_MOUSE']
Q8CE13,['CCD17_MOUSE']
Q9JIG7,['CCD22_MOUSE']
Q9D024,['CCD47_MOUSE']
Q8C4J0,['CCD60_MOUSE']
D3YZP9,['CCDC6_MOUSE']
P11911,['CD79A_MOUSE']
Q8CC12,['CDAN1_MOUSE']
Q7TSG1,['CE120_MOUSE']
Q61400,['CEAMA_MOUSE']
O88693,['CEGT_MOUSE']
P27790,['CENPB_MOUSE']
Q61147,['CERU_MOUSE']
P40201,['CHD1_MOUSE']
A2AJA9,['CI172_MOUSE']
Q8CDT7,['CJ107_MOUSE']
Q8C9S4,['CC186_MOUSE']
Q91V76,['CK054_MOUSE']
Q9D4W2,['CK065_MOUSE']
Q91YN0,['CL004_MOUSE']
Q80U30,['CL16A_MOUSE']
Q7TSQ1,['CL18A_MOUSE']
O08585,['CLCA_MOUSE']
O35454,['CLCN6_MOUSE']
O70496,['CLCN7_MOUSE']
Q8BHB9,['CLIC6_MOUSE']
Q8CI96,['CLIP4_MOUSE']
Q9DBC3,['CMTR1_MOUSE']
Q9D5U8,['CNBD2_MOUSE']
Q8VEG6,['CNO6L_MOUSE']
Q8BQ47,['CNPY4_MOUSE']
Q61330,['CNTN2_MOUSE']
A3KGF9,['CO052_MOUSE']
Q8BPK3,['CO4A2_MOUSE']
Q9QZR9,['CO4A4_MOUSE']
O88207,['CO5A1_MOUSE']
Q3U962,['CO5A2_MOUSE']
Q63870,['CO7A1_MOUSE']
P25318,['CO8A2_MOUSE']
Q60847,['COCA1_MOUSE']
Q8BLX7,['COGA1_MOUSE']
Q80YR6,['CTIP_MOUSE']
Q8K4M5,['COMD1_MOUSE']
Q8CIE6,['COPA_MOUSE']
Q9DCS2,['MTL26_MOUSE']
Q14AM7,['CP072_MOUSE']
Q9QZ82,['CP11A_MOUSE']
Q812E0,['CPEB2_MOUSE']
Q6NVF9,['CPSF6_MOUSE']
P52825,['CPT2_MOUSE']
Q32P12,['CQ053_MOUSE']
P47941,['CRKL_MOUSE']
Q8CJ40,['CROCC_MOUSE']
Q68ED7,['CRTC1_MOUSE']
P50462,['CSRP3_MOUSE']
Q99LJ0,['CT2NL_MOUSE']
P30999,['CTND1_MOUSE']
Q80W99,['CTSR3_MOUSE']
Q9JLB4,['CUBN_MOUSE']
Q9D5V5,['CUL5_MOUSE']
Q3TKY6,['CWC27_MOUSE']
Q9D3J9,['CX021_MOUSE']
Q8C5K5,['CX038_MOUSE']
P48771,['CX7A2_MOUSE']
P97792,['CXAR_MOUSE']
Q91WA4,['CXXC5_MOUSE']
Q80YE7,['DAPK1_MOUSE']
Q9JIC3,['DCR1A_MOUSE']
Q61655,['DD19A_MOUSE']
Q9QY15,['DDX25_MOUSE']
P31001,['DESM_MOUSE']
Q9Z2D3,['DFNA5_MOUSE']
Q9DCV3,['DGAT2_MOUSE']
Q9R1C6,['DGKE_MOUSE']
Q8VC30,['TKFC_MOUSE']
Q5SS80,['DHR13_MOUSE']
Q99J87,['DHX58_MOUSE']
Q8BWT5,['DIP2A_MOUSE']
Q9QZL9,['DKKL1_MOUSE']
A2AC93,['DNAI2_MOUSE']
Q9QYJ3,['DNJB1_MOUSE']
O89114,['DNJB5_MOUSE']
Q8CIQ7,['DOCK3_MOUSE']
Q8K3G9,['DP13B_MOUSE']
Q9DA79,['DPEP3_MOUSE']
Q33DR2,['DPS1_MOUSE']
P32233,['DRG1_MOUSE']
Q99MU3,['DSRAD_MOUSE']
Q8BK84,['DUS27_MOUSE']
Q60838,['DVL2_MOUSE']
Q69Z23,['DYH17_MOUSE']
Q8BW94,['DYH3_MOUSE']
P51807,['DYLT1_MOUSE']
A2CI98,['DYTN_MOUSE']
Q3UJB9,['EDC4_MOUSE']
Q61614,['EDNRA_MOUSE']
Q9D485,['EFHC2_MOUSE']
O08545,['EFNA3_MOUSE']
Q01279,['EGFR_MOUSE']
P01132,['EGF_MOUSE']
Q61749,['EI2BD_MOUSE']
Q8R1B4,['EIF3C_MOUSE']
Q3UKU1,['ELL2_MOUSE']
Q8CJF7,['ELYS_MOUSE']
Q5SQM0,['EMAL6_MOUSE']
Q56A04,['EME2_MOUSE']
Q03145,['EPHA2_MOUSE']
P54754,['EPHB3_MOUSE']
Q3V1F8,['EPHX3_MOUSE']
Q8VEH8,['ERLEC_MOUSE']
Q5EBJ4,['ERMIN_MOUSE']
Q3UYR4,['ESPNL_MOUSE']
P23953,['EST1C_MOUSE']
Q8VCC2,['EST1_MOUSE']
Q8VCU1,['EST3B_MOUSE']
Q921G7,['ETFD_MOUSE']
Q8C0D5,['EFL1_MOUSE']
P58659,['EVA1C_MOUSE']
P23683,['EVX1_MOUSE']
Q9CRA8,['EXOS5_MOUSE']
Q8C3F2,['F120C_MOUSE']
Q6NS82,['RETR2_MOUSE']
Q6NS59,['F135A_MOUSE']
Q8BUM6,['F163B_MOUSE']
Q5XG69,['F169A_MOUSE']
Q9D3R5,['F187A_MOUSE']
Q3ZN08,['F220A_MOUSE']
Q8C790,['F221A_MOUSE']
Q8BK03,['MIGA2_MOUSE']
Q5SWY7,['FA83G_MOUSE']
Q06194,['FA8_MOUSE']
Q80UG1,['FADS6_MOUSE']
Q6PGL7,['WASC2_MOUSE']
Q69ZT1,['FAN1_MOUSE']
Q5XJY6,['FANCB_MOUSE']
O35242,['FAN_MOUSE']
Q5F226,['FAT2_MOUSE']
Q80WS3,['FBLL1_MOUSE']
P37889,['FBLN2_MOUSE']
Q8K285,['FCHO1_MOUSE']
Q8R4Y0,['FCRL1_MOUSE']
Q920A9,['FCRLA_MOUSE']
P59113,['FERM1_MOUSE']
Q9JI19,['FIBP_MOUSE']
O35450,['FKBPL_MOUSE']
Q80X90,['FLNB_MOUSE']
Q64731,['FOXL1_MOUSE']
P58462,['FOXP1_MOUSE']
Q80T14,['FRAS1_MOUSE']
Q7TPM6,['FSD1_MOUSE']
Q9Z1S8,['GAB2_MOUSE']
Q9CZN8,['GATA_MOUSE']
Q99JT1,['GATB_MOUSE']
Q69ZF3,['GBA2_MOUSE']
Q9D6F4,['GBRA4_MOUSE']
Q8CHG3,['GCC2_MOUSE']
Q8BKT3,['GCFC2_MOUSE']
P58854,['GCP3_MOUSE']
Q91WK5,['GCSH_MOUSE']
Q9ESM6,['GDPD2_MOUSE']
Q8R0H9,['GGA1_MOUSE']
Q8BMI3,['GGA3_MOUSE']
Q9D0T7,['GKN3_MOUSE']
Q61602,['GLI3_MOUSE']
Q9DB00,['GON4L_MOUSE']
Q8BM96,['AGRG7_MOUSE']
P70259,['GP143_MOUSE']
Q8K0Z9,['GP153_MOUSE']
Q6PCP7,['GP156_MOUSE']
Q14DK4,['GPAT2_MOUSE']
Q8C0L9,['GPCP1_MOUSE']
Q9JJA9,['GRASP_MOUSE']
Q5NCH9,['GRM6_MOUSE']
Q3TCV3,['GSAP_MOUSE']
P97494,['GSH1_MOUSE']
P17809,['GTR1_MOUSE']
Q6TL19,['GUC2G_MOUSE']
Q61645,['HAIR_MOUSE']
Q9NYQ2,['HAOX2_MOUSE']
Q61425,['HCDH_MOUSE']
Q8BQM4,['HEAT3_MOUSE']
Q8CDU6,['HECD2_MOUSE']
P10518,['HEM2_MOUSE']
O54879,['HMGB3_MOUSE']
Q8BUK6,['HOOK3_MOUSE']
O08983,['HPS1_MOUSE']
P38532,['HSF1_MOUSE']
P32043,['HXC5_MOUSE']
Q3TRM8,['HXK3_MOUSE']
P97378,['I12R2_MOUSE']
P97411,['ICA69_MOUSE']
Q8BPC6,['IDHG2_MOUSE']
Q64345,['IFIT3_MOUSE']
Q3V1M1,['IGS10_MOUSE']
P97812,['IHH_MOUSE']
P13504,['IL1R1_MOUSE']
Q9EPL8,['IPO7_MOUSE']
Q91YE6,['IPO9_MOUSE']
Q3UQ44,['IQGA2_MOUSE']
P23906,['IRF2_MOUSE']
Q9CX00,['IST1_MOUSE']
P11688,['ITA5_MOUSE']
Q8C863,['ITCH_MOUSE']
Q9D892,['ITPA_MOUSE']
Q80UL9,['JAML_MOUSE']
Q8C753,['K0556_MOUSE']
Q69ZZ9,['K0754_MOUSE']
Q9JM71,['K1B27_MOUSE']
Q9QWL7,['K1C17_MOUSE']
Q3UV17,['K22O_MOUSE']
Q6IFZ9,['K2C74_MOUSE']
Q3UTA5,['KALRN_MOUSE']
Q8BX02,['KANK2_MOUSE']
Q5NCY0,['KDM6B_MOUSE']
O35066,['KIF3C_MOUSE']
P33174,['KIF4_MOUSE']
P55200,['KMT2A_MOUSE']
Q8BRH4,['KMT2C_MOUSE']
Q6PDK2,['KMT2D_MOUSE']
Q3UG20,['KMT2E_MOUSE']
P18826,['KPB1_MOUSE']
Q02956,['KPCZ_MOUSE']
P01635,['KV5A3_MOUSE']
Q3V384,['AFG1L_MOUSE']
Q61789,['LAMA3_MOUSE']
P02468,['LAMC1_MOUSE']
P70662,['LDB1_MOUSE']
P35951,['LDLR_MOUSE']
P48356,['LEPR_MOUSE']
P27656,['LIPC_MOUSE']
Q8VCM4,['LIPT_MOUSE']
Q8VCD3,['LMA1L_MOUSE']
O88609,['LMX1B_MOUSE']
Q9DC07,['LNEBL_MOUSE']
C8YR32,['LOXH1_MOUSE']
Q8CI70,['LRC20_MOUSE']
Q8K0B3,['LRC66_MOUSE']
Q66JT1,['LRC8E_MOUSE']
Q924X6,['LRP8_MOUSE']
O88653,['LTOR3_MOUSE']
Q9CYI4,['LUC7L_MOUSE']
Q9WTL7,['LYPA2_MOUSE']
Q8BLC3,['LYPD1_MOUSE']
Q8K3C3,['LZIC_MOUSE']
Q9JHQ5,['LZTL1_MOUSE']
Q80XI6,['M3K11_MOUSE']
P45700,['MA1A1_MOUSE']
Q8BRK9,['MA2A2_MOUSE']
Q3UZP0,['MALD2_MOUSE']
Q2TBA3,['MALT1_MOUSE']
P0C6A2,['MAMD1_MOUSE']
Q8BJ34,['MARF1_MOUSE']
Q811L6,['MAST4_MOUSE']
E9Q956,['MCMD2_MOUSE']
Q9DB27,['MCTS1_MOUSE']
P06795,['MDR1B_MOUSE']
Q924H2,['MED15_MOUSE']
Q8C1S0,['MED19_MOUSE']
Q6NXH8,['MET25_MOUSE']
Q8K1A0,['METL5_MOUSE']
Q9D3X9,['MFA3L_MOUSE']
P21956,['MFGM_MOUSE']
Q9CWE0,['MFR1L_MOUSE']
Q920G8,['MFRN1_MOUSE']
Q8VEA4,['MIA40_MOUSE']
Q62504,['MINT_MOUSE']
A6H611,['MIPEP_MOUSE']
Q9WVF3,['MK07_MOUSE']
Q9WTR0,['MMP16_MOUSE']
Q9R0S3,['MMP17_MOUSE']
B1AUR6,['MMS22_MOUSE']
Q80TL7,['MON2_MOUSE']
P47809,['MP2K4_MOUSE']
P70236,['MP2K6_MOUSE']
Q3TYA6,['MPP8_MOUSE']
Q80XL7,['MPPE1_MOUSE']
Q6P559,['MPRIP_MOUSE']
Q61474,['MSI1H_MOUSE']
Q920Q6,['MSI2H_MOUSE']
Q7TPM9,['MTMRA_MOUSE']
Q3V1L6,['MTMRB_MOUSE']
Q9WVQ5,['MTNB_MOUSE']
O08601,['MTP_MOUSE']
P28666,['MUG2_MOUSE']
Q6DID5,['MUM1_MOUSE']
Q5SV80,['MYO19_MOUSE']
Q5SYD0,['MYO1D_MOUSE']
Q1EG27,['MYO3B_MOUSE']
Q99MZ6,['MYO7B_MOUSE']
Q9DBR7,['MYPT1_MOUSE']
Q8BG95,['MYPT2_MOUSE']
Q61122,['NAB1_MOUSE']
Q5SWP3,['NACAD_MOUSE']
Q7TSZ8,['NACC1_MOUSE']
Q80TN7,['NAV3_MOUSE']
Q9EQQ9,['OGA_MOUSE']
Q60974,['NCOR1_MOUSE']
Q9CPP6,['NDUA5_MOUSE']
Q9JKL4,['NDUF3_MOUSE']
Q5NCX5,['NEUL4_MOUSE']
Q04690,['NF1_MOUSE']
P11672,['NGAL_MOUSE']
B1AXH1,['NHSL2_MOUSE']
Q6ZQ12,['NINL_MOUSE']
Q8BMW7,['NIPA3_MOUSE']
Q3UFM5,['NOM1_MOUSE']
Q9D6T0,['NOSIP_MOUSE']
Q9JJF0,['NP1L5_MOUSE']
Q9QZS7,['NPHN_MOUSE']
Q61066,['NR0B1_MOUSE']
Q9QZB6,['NR4A3_MOUSE']
Q80XB4,['NRAP_MOUSE']
Q923B3,['NRIF1_MOUSE']
Q9D978,['NS1BP_MOUSE']
Q8K4F6,['NSUN5_MOUSE']
Q8VCE6,['NT5M_MOUSE']
Q3UFB7,['NTRK1_MOUSE']
Q8BH74,['NU107_MOUSE']
P03888,['NU1M_MOUSE']
Q9Z2F2,['OASL2_MOUSE']
A2AAJ9,['OBSCN_MOUSE']
Q8VGQ7,['OL181_MOUSE']
Q8CI95,['OSB11_MOUSE']
Q80UF9,['OTOP3_MOUSE']
Q8R554,['OTU7A_MOUSE']
Q3UCV8,['OTUL_MOUSE']
Q7M761,['OVCH2_MOUSE']
P97926,['OXYR_MOUSE']
P26450,['P85A_MOUSE']
Q08642,['PADI2_MOUSE']
Q8C015,['PAK5_MOUSE']
Q80YV4,['PANK4_MOUSE']
Q8R4K8,['PAPP1_MOUSE']
Q6TCG2,['PAQR9_MOUSE']
Q8CEE6,['PASK_MOUSE']
Q8BIZ0,['PCD20_MOUSE']
Q8BH04,['PCKGM_MOUSE']
Q923L0,['PCM1_MOUSE']
Q01065,['PDE1B_MOUSE']
P23440,['PDE6B_MOUSE']
Q9QXQ1,['PDE7B_MOUSE']
O88502,['PDE8A_MOUSE']
Q8QZR7,['PDK1L_MOUSE']
Q8VIK5,['PEAR1_MOUSE']
Q8CIW5,['PEO1_MOUSE']
Q9R269,['PEPL_MOUSE']
O54943,['PER2_MOUSE']
P10820,['PERF_MOUSE']
Q6Y7W8,['GGYF2_MOUSE']
Q61282,['PGCA_MOUSE']
Q61361,['PGCB_MOUSE']
Q0VB07,['PGRP4_MOUSE']
Q9DBX2,['PHLP_MOUSE']
Q9CQJ2,['PIHD1_MOUSE']
Q9CWW6,['PIN4_MOUSE']
Q3UHE1,['PITM3_MOUSE']
Q2EG98,['PK1L3_MOUSE']
Q6PF93,['PK3C3_MOUSE']
Q8K262,['PLAC9_MOUSE']
Q8K3R3,['PLCD4_MOUSE']
Q8K4S1,['PLCE1_MOUSE']
Q8K394,['PLCL2_MOUSE']
Q9WV52,['PLEK2_MOUSE']
Q9DBG5,['PLIN3_MOUSE']
Q922V4,['PLRG1_MOUSE']
Q3V0K9,['PLSI_MOUSE']
Q3UH93,['PLXD1_MOUSE']
O70579,['PM34_MOUSE']
Q60953,['PML_MOUSE']
Q5XML1,['PO2F2_MOUSE']
P31360,['PO3F2_MOUSE']
Q0VGB7,['PP4R2_MOUSE']
Q9D787,['PPIL2_MOUSE']
Q99M15,['PPIP2_MOUSE']
Q60636,['PRDM1_MOUSE']
O08807,['PRDX4_MOUSE']
Q08761,['PROS_MOUSE']
O70169,['PRS39_MOUSE']
Q402U7,['PRS44_MOUSE']
Q7M756,['PRS54_MOUSE']
P70195,['PSB7_MOUSE']
Q5DTT2,['PSD1_MOUSE']
Q8BJY1,['PSMD5_MOUSE']
P26516,['PSMD7_MOUSE']
P97371,['PSME1_MOUSE']
P17225,['PTBP1_MOUSE']
Q8VDQ1,['PTGR2_MOUSE']
Q811G0,['PTHB1_MOUSE']
Q64512,['PTN13_MOUSE']
Q6PB44,['PTN23_MOUSE']
Q6RUU0,['PTX4_MOUSE']
Q64737,['PUR2_MOUSE']
Q9JKF6,['NECT1_MOUSE']
Q3V3Q4,['PYDC3_MOUSE']
Q8R404,['MIC13_MOUSE']
P46061,['RAGP1_MOUSE']
P69566,['RANB9_MOUSE']
Q6NZN0,['RBM26_MOUSE']
Q8VH51,['RBM39_MOUSE']
Q62172,['RBP1_MOUSE']
Q8VE37,['RCC1_MOUSE']
P54728,['RD23B_MOUSE']
Q8BRJ3,['RELL2_MOUSE']
P15307,['REL_MOUSE']
Q32KG4,['RTL9_MOUSE']
Q8BUX5,['RHBG_MOUSE']
Q6Y5D8,['RHG10_MOUSE']
Q6DFV3,['RHG21_MOUSE']
Q69ZH9,['RHG23_MOUSE']
B1AUC7,['RHG36_MOUSE']
Q6QI06,['RICTR_MOUSE']
Q9D684,['RIN2_MOUSE']
Q9CQ40,['RM49_MOUSE']
Q8BIV3,['RNBP6_MOUSE']
Q9WTV7,['RNF12_MOUSE']
Q62190,['RON_MOUSE']
Q78DX7,['ROS1_MOUSE']
Q9EPQ2,['RPGR1_MOUSE']
Q6NXI6,['RPRD2_MOUSE']
Q3UH06,['RREB1_MOUSE']
Q8BVR6,['RSPRY_MOUSE']
Q01730,['RSU1_MOUSE']
Q9D9S3,['RWD2A_MOUSE']
Q9CQK7,['RWDD1_MOUSE']
Q80UQ5,['RYR1_MOUSE']
Q9Z0E8,['S22A5_MOUSE']
Q497L8,['S22AG_MOUSE']
Q8BTY2,['S4A7_MOUSE']
Q99N99,['S5A2_MOUSE']
Q9CTN5,['S6OS1_MOUSE']
Q1RNF8,['SAM11_MOUSE']
Q60648,['SAP3_MOUSE']
Q6PDS3,['SARM1_MOUSE']
Q8QZX0,['SBK1_MOUSE']
Q689Z5,['SBNO1_MOUSE']
Q7TNB8,['SBNO2_MOUSE']
P17563,['SBP1_MOUSE']
Q9ERN0,['SCAM2_MOUSE']
Q9JKD3,['SCAM5_MOUSE']
Q9CX07,['SCHI1_MOUSE']
Q9WTU3,['SCN8A_MOUSE']
Q78YZ6,['SCOC_MOUSE']
O08992,['SDCB1_MOUSE']
Q6V4S5,['SDK2_MOUSE']
Q63918,['CAVN2_MOUSE']
Q9JHW4,['SELB_MOUSE']
O08665,['SEM3A_MOUSE']
O35464,['SEM6A_MOUSE']
Q9EP97,['SENP3_MOUSE']
Q9ERR7,['SEP15_MOUSE']
O88974,['SETB1_MOUSE']
Q62203,['SF3A2_MOUSE']
Q99NB9,['SF3B1_MOUSE']
Q91ZM2,['SH2B1_MOUSE']
A2ALU4,['SHRM2_MOUSE']
Q9QXN0,['SHRM3_MOUSE']
P70665,['SIAE_MOUSE']
P70178,['SIX5_MOUSE']
Q3TKT4,['SMCA4_MOUSE']
Q8BQM7,['SMCO3_MOUSE']
Q99ME3,['SNCAP_MOUSE']
Q9Z1L2,['SNG4_MOUSE']
Q61234,['SNTA1_MOUSE']
Q3UHD6,['SNX27_MOUSE']
Q62230,['SN_MOUSE']
Q9JLC4,['SORC1_MOUSE']
Q04891,['SOX13_MOUSE']
Q80X76,['SPA3F_MOUSE']
Q9D5R4,['SPAT1_MOUSE']
O08800,['SPB8_MOUSE']
Q8R1K2,['SPG7_MOUSE']
Q8VCC9,['SPON1_MOUSE']
Q3TD49,['SPP2B_MOUSE']
Q8C636,['SPT16_MOUSE']
Q80YT5,['SPT20_MOUSE']
Q3UHA3,['SPTCS_MOUSE']
Q6NV83,['SR140_MOUSE']
Q9CYR0,['SSBP_MOUSE']
Q8C079,['STRP1_MOUSE']
O70439,['STX7_MOUSE']
A2AVA0,['SVEP1_MOUSE']
Q8BLS7,['SWAHA_MOUSE']
Q6A028,['SWP70_MOUSE']
Q80X82,['SYMPK_MOUSE']
Q3USQ7,['SYN1L_MOUSE']
Q6ZWQ0,['SYNE2_MOUSE']
Q8BGV0,['SYNM_MOUSE']
Q9JJL8,['SYSM_MOUSE']
Q9R0Q1,['SYTL4_MOUSE']
Q91WQ3,['SYYC_MOUSE']
A2A9C3,['SZT2_MOUSE']
P62500,['T22D1_MOUSE']
Q99J38,['T30A1_MOUSE']
Q9D3R9,['TAF7L_MOUSE']
Q9WVA4,['TAGL2_MOUSE']
Q9D1E6,['TBCB_MOUSE']
Q3UYK3,['TBCD9_MOUSE']
Q9JKD8,['TBX21_MOUSE']
Q9WTS4,['TEN1_MOUSE']
Q9JLC1,['TEN3_MOUSE']
Q3UHK6,['TEN4_MOUSE']
Q921Z5,['TFIP8_MOUSE']
Q64729,['TGFR1_MOUSE']
Q69ZU6,['THS7A_MOUSE']
Q9ER58,['TICN2_MOUSE']
Q8BZA9,['TIGAR_MOUSE']
P12032,['TIMP1_MOUSE']
A2ASS6,['TITIN_MOUSE']
Q9WVB2,['TLE2_MOUSE']
Q6R5P0,['TLR11_MOUSE']
P58682,['TLR8_MOUSE']
Q8BRG8,['TM209_MOUSE']
Q9DBU0,['TM9S1_MOUSE']
Q7TQ69,['TMC3_MOUSE']
O35235,['TNF11_MOUSE']
P54797,['TNG2_MOUSE']
Q3UES3,['TNKS2_MOUSE']
Q9JLV2,['TP4AP_MOUSE']
O70281,['TPST1_MOUSE']
Q3TL54,['TR43A_MOUSE']
Q3U0V2,['TRADD_MOUSE']
Q61056,['TRPC1_MOUSE']
Q61143,['TRPC6_MOUSE']
Q9JMH6,['TRXR1_MOUSE']
Q61187,['TS101_MOUSE']
O08859,['TSG6_MOUSE']
P47750,['TSHR_MOUSE']
Q62283,['TSN7_MOUSE']
Q8C1R0,['TSSK5_MOUSE']
Q9D0B5,['TSTD3_MOUSE']
O88852,['TSYL1_MOUSE']
Q0HA38,['TT21B_MOUSE']
Q8CD92,['TTC27_MOUSE']
Q91V51,['TTLL1_MOUSE']
P50586,['TUB_MOUSE']
Q8K2W3,['TXD11_MOUSE']
P29812,['TYRP2_MOUSE']
Q3UWQ3,['UB2FB_MOUSE']
Q80U95,['UBE3C_MOUSE']
Q9ES00,['UBE4B_MOUSE']
Q99K46,['UBP11_MOUSE']
P35123,['UBP4_MOUSE']
Q80TP3,['UBR5_MOUSE']
Q9QY01,['ULK2_MOUSE']
Q6J1H4,['UTF1_MOUSE']
Q8VBS7,['V1R42_MOUSE']
O35304,['VACHT_MOUSE']
P35969,['VGFR1_MOUSE']
Q8BFU8,['VGLU3_MOUSE']
Q80TR8,['DCAF1_MOUSE']
Q3UVL4,['VPS51_MOUSE']
P21614,['VTDB_MOUSE']
Q91YD9,['WASL_MOUSE']
Q6VNB8,['WDFY3_MOUSE']
Q8K1X1,['WDR11_MOUSE']
Q3UGF1,['WDR19_MOUSE']
Q3UDP0,['WDR41_MOUSE']
Q6NVE8,['WDR44_MOUSE']
P83741,['WNK1_MOUSE']
Q9WTR6,['XCT_MOUSE']
Q60989,['XIAP_MOUSE']
Q3U3V8,['XRRA1_MOUSE']
O88799,['ZAN_MOUSE']
Q3URY0,['RTL4_MOUSE']
Q69ZB8,['ZCHC2_MOUSE']
A2A884,['ZEP3_MOUSE']
Q61967,['ZFP90_MOUSE']
Q80U44,['ZFY16_MOUSE']
Q5DU37,['ZFY26_MOUSE']
Q7TMA2,['ZN503_MOUSE']
Q9Z0U1,['ZO2_MOUSE']
Q80TC6,['ZSWM5_MOUSE']
P0DP60,['LYNX1_MOUSE']
Q5SGK3,['AOXB_MOUSE']
A3KFM7,['CHD6_MOUSE']
Q8C0Y0,['PP4R4_MOUSE']
Q9QVY4,['EPHB2_MOUSE']
P03921,['NU5M_MOUSE']
B2RXZ1,['PNDC1_MOUSE']
Q9JIJ1,['MITF_MOUSE']
E9Q555,['RN213_MOUSE']
H3BJG9,['LY6L_MOUSE']
E9PY46,['IF140_MOUSE']
A8Y5H7,['S14L1_MOUSE']
F8VPN2,['TEX15_MOUSE']
E9PVA8,['GCN1_MOUSE']
J3QMY9,['TO6BL_MOUSE']
P68033,['ACTC_MOUSE']
P63260,['ACTG_MOUSE']
P68134,['ACTS_MOUSE']
Q8R3P0,['ACY2_MOUSE']
Q9JLJ2,['AL9A1_MOUSE']
Q8CG76,['ARK72_MOUSE']
Q9CQE8,['CN166_MOUSE']
Q8K2B3,['DHSA_MOUSE']
Q9CQA3,['DHSB_MOUSE']
P62874,['GBB1_MOUSE']
P62880,['GBB2_MOUSE']
P62881,['GBB5_MOUSE']
Q3ULJ0,['GPD1L_MOUSE']
P70349,['HINT1_MOUSE']
P17156,['HSP72_MOUSE']
P14602,['HSPB1_MOUSE']
Q9D154,['ILEUA_MOUSE']
Q8CAQ8,['IMMT_MOUSE']
Q9JHI5,['IVD_MOUSE']
O35678,['MGLL_MOUSE']
Q01768,['NDKB_MOUSE']
Q8K3J1,['NDUS8_MOUSE']
Q08024,['PEBB_MOUSE']
P62137,['PP1A_MOUSE']
P63087,['PP1G_MOUSE']
P49722,['PSA2_MOUSE']
Q9R1P3,['PSB2_MOUSE']
Q8C5S7,['REC8_MOUSE']
Q9JKF7,['RM39_MOUSE']
Q8VDQ8,['SIRT2_MOUSE']
Q9D8U8,['SNX5_MOUSE']
P16546,['SPTA2_MOUSE']
P68369,['TBA1A_MOUSE']
P05213,['TBA1B_MOUSE']
P05214,['TBA3_MOUSE']
P68372,['TBB2C_MOUSE']
Q9D6F9,['TBB4_MOUSE']
Q922F4,['TBB6_MOUSE']
Q64515,['TRFE_MOUSE']
