A2A891," Cytoplasm,  Repeat, Reference proteome, Activator,  Transcription,  ANK repeat,  Nucleus,  Alternative splicing,  Transcription regulation"
A2AIV2," mRNA splicing,  Cytoplasm, Reference proteome,  Phosphoprotein,  Developmental protein, Acetylation,  mRNA processing, Methylation,  Nucleus,  Alternative splicing"
B1AZI6," mRNA splicing, Coiled coil,  Transport,  mRNA transport,  RNA-binding,  mRNA processing,  Reference proteome,  Nucleus, Phosphoprotein"
B2RPU2,"Coiled coil,  Reference proteome,  Methylation"
E9Q5R7," Cytoplasm, ATP-binding,  Nucleotide-binding,  Repeat, Reference proteome,  Leucine-rich repeat"
E9Q9F6,"Alternative splicing,  Spermatogenesis,  Cell membrane, Reference proteome,  Cilium,  Membrane,  Differentiation,  Signal,  Cell projection, Transmembrane helix,  Glycoprotein, Developmental protein,  Transmembrane,  Flagellum"
F8VQB6," Transport,  Cytoplasm,  Actin-binding,  Alternative promoter usage,  Cell membrane, Calmodulin-binding,  Myosin,  Phosphoprotein,  Repeat, Acetylation,  Membrane,  Reference proteome,  Cell projection, Cytoskeleton,  Motor protein, Nucleotide-binding,  ATP-binding,  Direct protein sequencing"
O08538,"Angiogenesis,  Coiled coil,  Developmental protein,  Differentiation,  Reference proteome,  Secreted,  Signal, Disulfide bond,  Glycoprotein"
O08967," Cytoplasm, 3D-structure,  Cell membrane, Reference proteome,  Coiled coil,  Cell junction, Guanine-nucleotide releasing factor,  Membrane,  Tight junction,  Lipid-binding"
O35125,"Coiled coil,  Reference proteome,  Leucine-rich repeat,  Repeat"
O35372," Transport, Endoplasmic reticulum,  ER-Golgi transport, Reference proteome,  Transmembrane helix,  Membrane,  Golgi apparatus,  Transmembrane"
O35625," Tumor suppressor,  ADP-ribosylation,  Cytoplasm, 3D-structure,  Wnt signaling pathway, Cell membrane,  Phosphoprotein,  Developmental protein,  Membrane,  Reference proteome,  Isopeptide bond, Nucleus,  Apoptosis, Ubl conjugation,  Alternative splicing"
O35973," Biological rhythms,  Cytoplasm,  Repeat, 3D-structure, Reference proteome,  Phosphoprotein,  Transcription,  Nucleus, Ubl conjugation,  Transcription regulation"
O55028," Nucleotide-binding,  Mitochondrion, Acetylation,  Reference proteome,  Transit peptide,  Transferase, Phosphoprotein,  ATP-binding,  Kinase"
O55082,"Alternative splicing,  Microtubule,  Cytoplasm,  Protein phosphatase,  Phosphoprotein,  Reference proteome, Nucleus,  Hydrolase,  Cytoskeleton"
O55201," Repeat, Transcription,  Phosphoprotein, Acetylation,  Methylation,  Reference proteome,  Isopeptide bond, Nucleus,  Repressor,  Ubl conjugation,  Activator,  Alternative splicing,  Transcription regulation"
O70191," Cytoplasm,  DNA-binding, Acetylation,  Reference proteome,  Transcription,  Nucleus, Phosphoprotein,  Ubl conjugation, Transcription regulation,  Activator,  Cytoskeleton"
O70293,"Alternative splicing,  Palmitate,  Wnt signaling pathway,  Phosphoprotein, Serine/threonine-protein kinase,  Membrane,  Reference proteome,  Lipoprotein, Nucleotide-binding,  Transferase,  ATP-binding,  Kinase"
O88312,"Secreted,  Endoplasmic reticulum,  Reference proteome,  Signal,  Proto-oncogene, Disulfide bond"
O88322," Glycoprotein, Basement membrane, Repeat,  EGF-like domain,  Cell adhesion,  Calcium,  Signal,  Methylation,  Reference proteome,  Secreted, Extracellular matrix,  Disulfide bond"
O88448," Microtubule,  Cytoplasm,  Repeat, 3D-structure,  Coiled coil,  Phosphoprotein,  Reference proteome,  TPR repeat, Motor protein,  Cytoskeleton"
O88908,"Acyltransferase,  Sterol metabolism,  Transmembrane helix,  Oxidation,  Membrane,  Thioester bond, Lipid metabolism,  Cholesterol metabolism,  Endoplasmic reticulum,  Reference proteome, Transmembrane, Steroid metabolism,  Ubl conjugation,  Transferase"
O88939,"Alternative splicing,  Repressor,  DNA-binding,  Repeat,  Developmental protein,  Zinc,  Differentiation,  Reference proteome,  Transcription, Transcription regulation, DNA repair,  Isopeptide bond,  Metal-binding,  Nucleus, Phosphoprotein,  Zinc-finger,  Ubl conjugation,  DNA damage"
P00158," Transport,  Iron, Mitochondrion inner membrane, Electron transport,  Mitochondrion,  Transmembrane helix,  Membrane, Transmembrane,  Reference proteome,  Heme,  Metal-binding,  Ubiquinone,  Respiratory chain"
P04223," MHC I, 3D-structure,  Transmembrane helix,  Phosphoprotein,  Polymorphism,  Signal,  Immunity, Membrane,  Reference proteome, Transmembrane,  Glycoprotein,  Disulfide bond,  Alternative splicing"
P05213," Microtubule,  Cytoplasm,  Nitration,  Phosphoprotein, Acetylation,  Methylation,  Reference proteome, GTP-binding,  Isopeptide bond, Nucleotide-binding,  Ubl conjugation,  Direct protein sequencing,  Cytoskeleton"
P06537," DNA-binding, Transcription,  Reference proteome,  Nucleus, Phosphoprotein,  Cytoskeleton,  Receptor, Chromatin regulator,  Cytoplasm,  Mitochondrion,  Methylation, Zinc-finger,  Metal-binding,  Alternative splicing, Lipid-binding,  Alternative initiation,  Zinc,  Steroid-binding,  Isopeptide bond, 3D-structure,  Ubl conjugation,  Acetylation,  Transcription regulation"
P07607," Mitochondrion inner membrane, Mitochondrion,  Cytoplasm, 3D-structure,  Phosphoprotein,  Membrane,  Reference proteome,  Methyltransferase,  Isopeptide bond,  Transferase, Nucleus,  Ubl conjugation,  Nucleotide biosynthesis"
P0C1Q2," Cytoplasm,  Repeat,  cAMP,  cGMP,  Reference proteome,  Metal-binding, Phosphoprotein, Allosteric enzyme,  Hydrolase"
P10300," Adaptive immunity, 3D-structure,  Transmembrane helix,  Membrane,  Polymorphism,  Signal,  Immunity,  Reference proteome, Transmembrane, Immunoglobulin domain,  Glycoprotein,  Disulfide bond"
P16872,"3D-structure,  Transmembrane helix,  Phosphoprotein,  Membrane,  Signal,  Reference proteome,  Glycoprotein, Receptor,  Transmembrane,  Disulfide bond"
P17095," ADP-ribosylation,  Repeat, Reference proteome,  Phosphoprotein, Acetylation,  Methylation,  Transcription,  Nucleus, DNA-binding,  Chromosome,  Isopeptide bond, Ubl conjugation,  Alternative splicing,  Transcription regulation"
P18242," Disulfide bond, Protease,  Zymogen,  Signal,  Reference proteome,  Secreted, Aspartyl protease,  Glycoprotein,  Hydrolase,  Lysosome"
P18608," ADP-ribosylation,  Cytoplasm,  Phosphoprotein, Acetylation,  Reference proteome,  Nucleus, DNA-binding,  Direct protein sequencing"
P23475," DNA-binding, Acetylation,  Nucleus, Multifunctional enzyme, Ubl conjugation, Reference proteome,  Phosphoprotein,  DNA repair,  Immunity,  ADP-ribosylation,  Innate immunity, Hydrolase,  Lyase,  Transcription,  Isopeptide bond,  ATP-binding,  Activator,  Nucleotide-binding,  Helicase, DNA damage,  Chromosome,  DNA recombination,  Transcription regulation"
P23708," Biological rhythms, Direct protein sequencing,  DNA-binding, Reference proteome, Activator,  Phosphoprotein,  Transcription,  Nucleus,  Alternative splicing,  Transcription regulation"
P24807," GPI-anchor,  Innate immunity, Immunity, Cell membrane,  Membrane,  Reference proteome,  Lipoprotein, Signal,  Glycoprotein,  Direct protein sequencing"
P27664," Vision,  Repeat,  Cell membrane,  Prenylation,  cGMP, Acetylation,  Membrane, Sensory transduction,  Methylation,  Reference proteome,  Lipoprotein, Metal-binding,  Hydrolase"
P31651," Transport,  Symport, Reference proteome,  Transmembrane helix,  Neurotransmitter transport,  Membrane, Disulfide bond,  Glycoprotein,  Transmembrane"
P34986," Receptor, Transducer,  Sensory transduction, Cell membrane,  Transmembrane helix,  Reference proteome, Membrane,  G-protein coupled receptor,  Olfaction,  Glycoprotein,  Transmembrane,  Disulfide bond"
P35412," Receptor, Transducer,  Palmitate, Cell membrane,  Transmembrane helix,  Phosphoprotein,  Reference proteome, Membrane,  Lipoprotein,  G-protein coupled receptor,  Glycoprotein,  Transmembrane"
P39428," Cytoplasm, Isopeptide bond,  Coiled coil,  Phosphoprotein,  Reference proteome, Apoptosis,  Ubl conjugation,  Direct protein sequencing"
P41245," Metalloprotease,  Repeat, Protease,  Zymogen, Glycoprotein,  Polymorphism,  Reference proteome,  Extracellular matrix,  Secreted,  Signal,  Zinc,  Collagen degradation,  Disulfide bond,  Metal-binding, Calcium,  Hydrolase"
P43345," Homeobox,  DNA-binding, Reference proteome,  Developmental protein, Acetylation,  Nucleus"
P50992," Transport,  Ion transport,  Cell membrane,  Potassium,  Membrane,  Reference proteome, Transmembrane helix, Cell adhesion, Hydrogen ion transport,  Glycoprotein,  Signal-anchor,  Transmembrane,  Disulfide bond, Potassium transport"
P51432," Cytoplasm, Transducer,  Phosphoprotein,  Lipid degradation,  Calcium, Acetylation, Lipid metabolism,  Membrane,  Reference proteome,  Nucleus,  Hydrolase"
P51829,"ATP-binding,  Nucleotide-binding,  Repeat,  Transmembrane helix,  Manganese,  Lyase, Transmembrane,  Reference proteome, Membrane,  Magnesium,  Glycoprotein,  Metal-binding,  cAMP biosynthesis"
P52787," Transport,  Ion transport, Cobalt,  Signal,  Reference proteome,  Secreted,  Glycoprotein, Phosphoprotein,  Disulfide bond,  Cobalt transport"
P52912," Cytoplasm,  Repeat, 3D-structure, Reference proteome,  RNA-binding,  Nucleus,  Apoptosis,  Acetylation"
P54276," DNA damage,  DNA-binding,  Phosphoprotein, Acetylation,  DNA repair,  Reference proteome,  Nucleus, Nucleotide-binding,  Chromosome,  ATP-binding"
P54279," Nuclease,  Tumor suppressor, Reference proteome,  Endonuclease, DNA damage,  DNA repair,  Nucleus,  Hydrolase"
P55065," Transport, Secreted,  Signal,  Reference proteome,  Lipid transport,  Nucleus, Disulfide bond,  Glycoprotein"
P56593," Iron, Endoplasmic reticulum,  Microsome,  Membrane,  Reference proteome,  Heme,  Oxidoreductase,  Metal-binding, Monooxygenase"
P56818,"Cytoplasmic vesicle,  Endosome, Acetylation,  Reference proteome,  Cell projection,  Disulfide bond, Phosphoprotein,  Palmitate, Endoplasmic reticulum,  Membrane,  Golgi apparatus,  Signal,  Lipoprotein,  Glycoprotein,  Transmembrane,  Hydrolase,  Direct protein sequencing,  Cell membrane, Isopeptide bond,  Zymogen,  Aspartyl protease,  Protease, Transmembrane helix,  Ubl conjugation,  Lysosome"
P57784,"mRNA splicing, Ribonucleoprotein,  Repeat,  RNA-binding,  Phosphoprotein, Acetylation,  mRNA processing,  Reference proteome,  Leucine-rich repeat,  Nucleus,  Isopeptide bond,  Spliceosome,  Ubl conjugation"
P59016," Transport,  Protein transport,  Endosome,  Membrane, Acetylation,  Reference proteome,  Cytoplasmic vesicle, Phosphoprotein,  Lysosome"
P59110,"Cytoplasm, Protease,  Phosphoprotein,  Developmental protein,  Reference proteome,  Thiol protease,  Nucleus,  Hydrolase,  Ubl conjugation pathway"
P59158," Transport,  Ion transport,  Symport, Cell membrane,  Transmembrane helix,  Membrane, Transmembrane,  Chloride,  Reference proteome,  Sodium transport,  Sodium,  Glycoprotein, Phosphoprotein,  Ubl conjugation"
P59997," DNA-binding,  Reference proteome,  Oxidoreductase,  Nucleus, Phosphoprotein, Chromatin regulator,  Iron, Zinc-finger, Leucine-rich repeat,  Metal-binding,  Alternative splicing,  Ubl conjugation pathway,  Biological rhythms,  Zinc,  Transcription,  Isopeptide bond,  Dioxygenase,  Repeat, 3D-structure,  Repressor,  Ubl conjugation, Transcription regulation"
P61290," Cytoplasm, Proteasome,  Phosphoprotein, Acetylation,  Reference proteome,  Nucleus,  Apoptosis,  Cell cycle"
P62309," mRNA splicing, Cytoplasm,  Ribonucleoprotein,  RNA-binding,  mRNA processing,  Reference proteome, Nucleus,  Spliceosome,  Direct protein sequencing"
P62717," Ribonucleoprotein, Isopeptide bond,  Phosphoprotein,  Reference proteome,  Ubl conjugation, Ribosomal protein"
P70302," Microtubule,  Ion transport,  Cytoplasm,  Cell membrane,  Transmembrane helix,  Coiled coil,  Phosphoprotein,  Membrane, Sarcoplasmic reticulum,  Endoplasmic reticulum,  Reference proteome, Cytoskeleton,  Signal,  Calcium transport, Transport,  Glycoprotein,  Transmembrane, Metal-binding, Calcium"
P70403,"Alternative splicing,  Transport,  Coiled coil,  Phosphoprotein,  Golgi apparatus,  Reference proteome, Membrane, Transmembrane helix,  Disulfide bond,  Transmembrane"
P70458,"Glycoprotein, Serine protease inhibitor,  Reference proteome,  Secreted,  Signal,  Protease inhibitor"
P70691,"Alternative splicing, Transferase,  Transmembrane helix,  Microsome,  Membrane,  Endoplasmic reticulum,  Reference proteome,  Signal,  Glycoprotein,  Transmembrane, Glycosyltransferase"
P70700,"Zinc,  Phosphoprotein,  Reference proteome,  Transcription,  Nucleotidyltransferase, Nucleus,  Metal-binding,  Zinc-finger,  Transferase, DNA-directed RNA polymerase"
P97302," DNA-binding, 3D-structure, Reference proteome,  Phosphoprotein, Ubl conjugation,  Transcription,  Nucleus,  Repressor,  Activator,  Transcription regulation"
P97355," Phosphoprotein, Acetylation,  Reference proteome, Polyamine biosynthesis,  Transferase,  Direct protein sequencing"
P97363,"Acyltransferase,  Sphingolipid metabolism, Transferase,  Transmembrane helix,  Membrane,  Endoplasmic reticulum,  Reference proteome, Pyridoxal phosphate,  Lipid metabolism,  Transmembrane"
P97500,"Alternative splicing,  Neurogenesis,  Repressor,  DNA-binding, Differentiation,  Repeat,  Coiled coil,  Developmental protein,  Zinc,  Reference proteome,  Transcription,  Nucleus,  Chromosome,  Metal-binding, Phosphoprotein,  Zinc-finger, Transcription regulation"
P97760,"Transcription,  Phosphoprotein,  Reference proteome,  Nucleus, DNA-directed RNA polymerase"
P97855," Nuclease,  Transport,  Cytoplasm,  Nucleotide-binding,  Innate immunity,  Helicase, Isopeptide bond,  RNA-binding, Ubl conjugation, Acetylation,  Endonuclease,  Immunity,  Methylation,  Reference proteome,  Nucleus, DNA-binding, Phosphoprotein,  ATP-binding,  Hydrolase,  Direct protein sequencing"
P97863," DNA-binding, Activator,  Phosphoprotein,  Methylation,  Reference proteome,  Transcription,  DNA replication, Nucleus, Transcription regulation,  Alternative splicing"
Q00558," Cytoplasm,  Endosome, Acetylation,  Reference proteome,  Nucleus"
Q00899," DNA-binding,  Reference proteome,  Cytoplasm,  Phosphoprotein,  Differentiation,  DNA repair,  Metal-binding, Nucleus,  ADP-ribosylation, Activator,  Transcription,  Isopeptide bond,  DNA damage,  Repeat, Zinc, DNA recombination, Spermatogenesis,  Zinc-finger,  Repressor,  Ubl conjugation,  Transcription regulation"
Q00993,"ATP-binding,  Transmembrane helix,  Reference proteome, Nucleotide-binding,  Immunoglobulin domain,  Disulfide bond,  Kinase,  Receptor,  Phosphoprotein,  Membrane,  Differentiation,  Signal,  Glycoprotein,  Transmembrane, Repeat,  Cell membrane,  Innate immunity, Tyrosine-protein kinase,  Transferase, Immunity,  Oncogene,  Ubl conjugation"
Q01147," Biological rhythms,  DNA-binding, Differentiation, 3D-structure, Reference proteome,  Phosphoprotein, Ubl conjugation,  Transcription,  Nucleus,  Isopeptide bond,  Activator,  Alternative splicing,  Transcription regulation"
Q07279," DNA-binding,  Cytoplasm, Activator,  Reference proteome,  Transcription,  Nucleus,  Isopeptide bond, Phosphoprotein,  Ubl conjugation, Transcription regulation"
Q09XV5," Nucleotide-binding,  Repeat, Transcription,  Helicase, Wnt signaling pathway, Activator,  Phosphoprotein,  Reference proteome,  Chromatin regulator, DNA-binding,  Isopeptide bond, Nucleus,  Repressor,  Ubl conjugation,  ATP-binding,  Hydrolase,  Alternative splicing,  Transcription regulation"
Q0KK56,"Alternative splicing,  Reference proteome,  Coiled coil"
Q0VDU3," Receptor,  Transducer, Cell membrane, Reference proteome,  Transmembrane helix,  Membrane,  G-protein coupled receptor,  Transmembrane"
Q0VEJ0," Reference proteome,  Phosphoprotein, Cytoplasm,  Cytoskeleton"
Q0VF22,"Coiled coil,  Reference proteome,  Phosphoprotein"
Q149F5," Transmembrane,  Reference proteome, Membrane,  Transmembrane helix"
Q14AI0," DNA-binding,  Reference proteome,  DNA replication,  Nucleus, Cell cycle"
Q2QI47,"Alternative splicing,  Vision,  Repeat,  Cell membrane, Reference proteome,  Sensory transduction,  Transmembrane helix,  Membrane, Glycoprotein,  Signal,  Secreted,  Cell projection, Transmembrane,  Disulfide bond,  Hearing,  Laminin EGF-like domain"
Q640P5," Receptor, Alternative splicing,  Ion channel,  Transport,  Vision,  Cell membrane, Reference proteome,  Sensory transduction,  Coiled coil,  Ligand-gated ion channel,  Membrane, Transmembrane helix, Ion transport,  Transmembrane"
Q3LAC4,"Alternative splicing, Reference proteome,  Guanine-nucleotide releasing factor,  Repeat"
Q3TAA7,"Cytoplasm,  Repeat,  Phosphoprotein,  Reference proteome,  Leucine-rich repeat"
Q3TD16," Phosphoprotein, Acetylation, Lipid-binding,  Membrane,  Reference proteome,  Cytoplasmic vesicle,  Lipid metabolism,  Autophagy"
Q3TTE0,"Alternative splicing,  EGF-like domain, Reference proteome,  Transmembrane helix,  Membrane,  Signal,  Disulfide bond,  Transmembrane"
Q3TVP5,"Alternative splicing,  Cytoplasm, Reference proteome,  Membrane,  Endoplasmic reticulum,  Nucleus"
Q3TYX3,"S-adenosyl-L-methionine,  Zinc,  Reference proteome,  Methyltransferase,  Zinc-finger, Metal-binding,  Transferase"
Q3U4B4," Lipid degradation, Lipid metabolism,  Reference proteome,  Secreted,  Signal, Disulfide bond,  Glycoprotein,  Hydrolase"
Q3UH99,"Alternative splicing, Synapse,  Wnt signaling pathway,  Cell membrane,  Transmembrane helix,  Membrane,  Cell junction,  Signal,  Postsynaptic cell membrane,  Reference proteome,  Glycoprotein, Phosphoprotein,  Transmembrane"
Q3UHH2,"Alternative splicing,  Transport,  Ion transport, Reference proteome,  Transmembrane helix,  Membrane,  Glycoprotein,  Transmembrane"
Q3UHU5,"Alternative splicing,  Cytoplasm,  Cell membrane,  Coiled coil,  Phosphoprotein,  Reference proteome, Membrane,  Cytoskeleton"
Q3UHZ5," Cytoplasm, Reference proteome,  Phosphoprotein,  Coiled coil, Actin-binding,  Cytoskeleton"
Q3UMT1," Cytoplasm,  Repeat,  Coiled coil, Acetylation,  Reference proteome,  ANK repeat, Phosphoprotein,  Cytoskeleton"
Q3UN16," Receptor,  Transducer, Cell membrane,  Membrane,  Reference proteome, Transmembrane helix,  G-protein coupled receptor,  Glycoprotein, Phosphoprotein,  Transmembrane"
Q3UNX5,"Ligase,  Mitochondrion, Acetylation,  Reference proteome,  Fatty acid metabolism,  Lipid metabolism,  Magnesium,  Metal-binding, Nucleotide-binding,  Transit peptide,  ATP-binding,  Alternative splicing"
Q3UPP8," Cytoskeleton, Cytoplasm,  Mitosis, Reference proteome,  Coiled coil,  Phosphoprotein, Acetylation,  Cell division,  DNA damage,  Alternative splicing,  Cell cycle"
Q3URS9,"Alternative splicing,  Ion channel,  Mitochondrion inner membrane,  Ion transport, Mitochondrion,  Transport,  Potassium,  Coiled coil,  Membrane,  Reference proteome, Transmembrane helix,  Transit peptide,  Transmembrane, Potassium transport,  Potassium channel"
Q3UU35,"Bait region, Secreted,  Serine protease inhibitor,  Signal,  Reference proteome,  Glycoprotein,  Protease inhibitor"
Q3UU67," Cell membrane, Immunity,  Transmembrane helix,  Phosphoprotein,  Membrane, Transmembrane,  Reference proteome, Adaptive immunity,  Disulfide bond,  Signal-anchor,  Alternative splicing"
Q3V1H3," Transport,  Ion transport,  Repeat,  Transmembrane helix,  Reference proteome, Membrane,  Oxidoreductase, Signal, Copper,  Glycoprotein,  Metal-binding,  Transmembrane,  Copper transport,  Disulfide bond"
Q3V1V3," Coiled coil, Acetylation,  Reference proteome,  Transcription,  Nucleus, Phosphoprotein, Transcription regulation,  Direct protein sequencing"
Q3ZRW6,"Coiled coil,  Reference proteome,  Secreted, Signal,  Glycoprotein,  Disulfide bond"
Q59J78,"Transit peptide,  Mitochondrion,  Phosphoprotein,  Reference proteome, Chaperone"
Q5DW34,"Chromosome,  S-adenosyl-L-methionine, Transferase,  Repeat, Acetylation,  Zinc, Phosphoprotein,  Reference proteome,  ANK repeat,  Chromatin regulator,  Isopeptide bond,  Metal-binding,  Methyltransferase,  Nucleus,  Ubl conjugation,  Alternative splicing"
Q5GFD5,"Reference proteome,  Membrane,  Golgi apparatus, Transmembrane helix, Disulfide bond,  Glycoprotein,  Signal-anchor,  Transmembrane,  Transferase"
Q5GH64," Transmembrane,  Reference proteome, Membrane,  Transmembrane helix"
Q5I2A0," Cytoplasm, Thiol protease inhibitor, Protease inhibitor,  Serine protease inhibitor,  Immunity,  Reference proteome,  Nucleus, Adaptive immunity,  Apoptosis"
Q5KU39," Transport, Zinc, Autophagy,  Endosome,  Protein transport,  Golgi apparatus,  Reference proteome, Membrane,  Cytoplasmic vesicle,  Metal-binding,  Zinc-finger,  Lysosome"
Q5QNQ6," Transport, Reference proteome,  Phosphoprotein,  Membrane, Lipid transport,  Lipid-binding"
Q5SSK3,"Mitochondrion,  Transcription,  Reference proteome, Transcription regulation,  Transit peptide,  Mitochondrion nucleoid"
Q5U430,"Alternative splicing, Reference proteome,  Transmembrane helix,  Phosphoprotein,  Coiled coil,  Membrane,  Zinc,  Metal-binding,  Zinc-finger, Ubl conjugation pathway,  Transmembrane,  Transferase"
Q5U462,"Cell membrane, Reference proteome,  Phosphoprotein,  Transmembrane helix,  Membrane,  Signal,  Glycoprotein,  Transmembrane,  Disulfide bond"
Q5XF90,"Alternative splicing,  Membrane,  Reference proteome, Transmembrane helix, Nucleotide-binding,  Metal-binding,  Magnesium,  Translocase,  Transmembrane,  ATP-binding"
Q60652," Receptor, Reference proteome,  Transmembrane helix,  Membrane,  Lectin, Cell adhesion,  Signal-anchor,  Glycoprotein,  Transmembrane,  Disulfide bond"
Q60710,"Chromosome,  Allosteric enzyme, 3D-structure,  Innate immunity,  GTP-binding, Hydrolase,  Phosphoprotein,  Antiviral defense,  Zinc,  DNA repair,  Immunity,  Reference proteome,  DNA replication,  Isopeptide bond,  Metal-binding, Nucleotide-binding,  Nucleus,  DNA damage, Ubl conjugation,  Alternative splicing"
Q60I26,"Alternative splicing, Repeat,  Cytoplasm,  Reference proteome,  GTPase activation"
Q61086," Receptor,  Neurogenesis,  Transducer,  Wnt signaling pathway, Cell membrane, Reference proteome,  Transmembrane helix, Ubl conjugation,  Developmental protein,  Membrane,  Signal, G-protein coupled receptor,  Glycoprotein,  Transmembrane,  Disulfide bond"
Q61210,"Alternative splicing,  Cytoplasm, Reference proteome,  Coiled coil,  Phosphoprotein, Guanine-nucleotide releasing factor,  Membrane,  GTPase activation"
Q61414,"Coiled coil,  Intermediate filament,  Keratin, Isopeptide bond,  Phosphoprotein,  Reference proteome, Ubl conjugation,  Direct protein sequencing"
Q61496," Cytoplasm, Differentiation, 3D-structure,  Nucleotide-binding,  Helicase,  Repeat,  RNA-mediated gene silencing, Spermatogenesis,  Developmental protein,  Meiosis,  Reference proteome, Phosphoprotein,  ATP-binding,  Hydrolase"
Q61574," Reference proteome,  Transcription,  Nucleus, DNA-binding,  Repressor, Transcription regulation"
Q61754," Protease, Serine protease,  Zymogen,  Signal,  Reference proteome, Disulfide bond,  Glycoprotein,  Hydrolase"
Q62028," Receptor, Alternative splicing,  Repeat, Secreted,  Cell membrane,  Transmembrane helix,  Lectin, Glycoprotein,  Membrane,  Reference proteome,  Signal,  Disulfide bond,  Transmembrane,  Endocytosis"
Q62189," mRNA splicing,  Repeat,  Ribonucleoprotein, Reference proteome,  RNA-binding, Acetylation,  mRNA processing,  Methylation,  Nucleus,  Spliceosome"
Q62227," Receptor,  Biological rhythms,  Cytoplasm, 3D-structure, Polymorphism,  Methylation,  Reference proteome,  Transcription,  Nucleus,  Repressor, Transcription regulation"
Q62241,"Ribonucleoprotein,  RNA-binding,  Phosphoprotein, Acetylation,  Zinc,  Reference proteome,  Nucleus,  Metal-binding,  Zinc-finger"
Q62559,"3D-structure,  Cilium biogenesis/degradation, Reference proteome,  Cilium,  Cell projection"
Q63ZW7,"Alternative splicing,  Cytoplasm,  Repeat,  Cell membrane,  Membrane,  Cell junction,  Reference proteome,  Tight junction, Phosphoprotein"
Q64310,"Endoplasmic reticulum,  Transmembrane helix,  Membrane,  Golgi apparatus,  Reference proteome, Transmembrane"
Q66X22,"Alternative splicing,  Cytoplasm,  Repeat,  Innate immunity,  Inflammasome,  Immunity,  Reference proteome,  Leucine-rich repeat, Nucleotide-binding, Inflammatory response,  ATP-binding"
Q68EF4," Receptor, Alternative splicing,  Transducer,  Cell membrane, Reference proteome,  Transmembrane helix,  Membrane,  Signal, G-protein coupled receptor,  Glycoprotein,  Transmembrane,  Disulfide bond"
Q69ZR9," Repressor, Acetylation,  Reference proteome,  Transcription,  Nucleus,  Isopeptide bond,  Chromosome, Phosphoprotein,  Ubl conjugation, Transcription regulation,  Alternative splicing"
Q69ZS0,"Alternative splicing,  Synapse,  Cytoplasm,  Repeat,  Coiled coil,  Cell junction,  Zinc,  Reference proteome,  Metal-binding,  Zinc-finger, Phosphoprotein,  Transferase, Ubl conjugation,  Ubl conjugation pathway"
Q6A070,"Repeat,  Cytoplasm, 3D-structure,  Reference proteome,  Cell projection, Cilium biogenesis/degradation,  Alternative splicing,  Cytoskeleton"
Q6AW69,"Alternative splicing, Reference proteome,  Phosphoprotein,  Coiled coil,  Cell junction,  Tight junction"
Q6DFV1," Mitosis,  Reference proteome,  Nucleus,  Cell division, Phosphoprotein, Cell cycle,  DNA condensation"
Q6DI86,"Transit peptide,  Mitochondrion, Acetylation,  Reference proteome,  Alternative splicing"
Q6IR41,"Collagen,  Signal,  Reference proteome,  Secreted,  Glycoprotein"
Q6KAU7," Tumor suppressor, Alternative splicing, Reference proteome,  Phosphoprotein,  Guanine-nucleotide releasing factor"
Q6KCD5," Repeat, Transcription,  Transcription regulation,  Phosphoprotein, Acetylation,  Reference proteome,  Nucleus,  Chromosome, Developmental protein,  Activator,  Alternative splicing,  Cell cycle"
Q6NVG1,"Acyltransferase,  Glycoprotein,  Phospholipid biosynthesis, Phospholipid metabolism,  Membrane,  Endoplasmic reticulum, Lipid metabolism,  Reference proteome, Transmembrane helix,  Lipid biosynthesis,  Transmembrane,  Transferase"
Q6P1I6,"Alternative splicing,  Cell membrane,  Coiled coil,  Phosphoprotein,  Reference proteome,  Cell projection, Membrane, Transmembrane helix,  Transmembrane"
Q6P3D0,"RNA-binding, Cytoplasm,  Nucleotide-binding,  Manganese,  Reference proteome,  Nucleus,  Metal-binding,  Magnesium,  Hydrolase, Nucleotide metabolism"
Q6P4U0," Repeat,  Transmembrane helix,  Membrane,  Signal,  Reference proteome, Transmembrane, Disulfide bond,  Glycoprotein"
Q6P5H2," Neurogenesis,  Coiled coil,  Phosphoprotein,  Developmental protein, Acetylation,  Reference proteome, Intermediate filament,  Alternative splicing"
Q6P5U7," Reference proteome, Leucine-rich repeat,  WD repeat,  Repeat"
Q6P9R2," Cytoplasm,  Phosphoprotein, Serine/threonine-protein kinase, Acetylation,  Reference proteome, Nucleotide-binding,  Magnesium,  Metal-binding,  Transferase,  ATP-binding,  Kinase"
Q6PAL1,"Wnt signaling pathway,  Signal,  Reference proteome,  Secreted,  Glycoprotein, Developmental protein"
Q6PAL8," Repeat, 3D-structure,  Phosphoprotein,  Golgi apparatus,  Reference proteome, Membrane,  Guanine-nucleotide releasing factor"
Q6PGD0,"Alternative splicing, EGF-like domain,  Cell membrane,  Transmembrane helix,  Membrane,  Differentiation,  Reference proteome,  Signal, Transmembrane,  Nucleus,  Disulfide bond"
Q6VGS5,"Alternative splicing,  Cytoplasm, Wnt signaling pathway,  Coiled coil,  Phosphoprotein, Guanine-nucleotide releasing factor,  Cell junction,  Reference proteome"
Q6Y4S4," Cleavage on pair of basic residues, Alternative splicing,  Amidation,  Phosphoprotein,  Signal,  Reference proteome,  Secreted, Disulfide bond"
Q6ZPS6," Repeat,  Coiled coil,  Zinc,  Myristate,  Reference proteome, Ubl conjugation pathway,  Lipoprotein,  Metal-binding,  Zinc-finger, Phosphoprotein,  Transferase, ANK repeat"
Q6ZWN5," Cytoplasm,  Ribonucleoprotein, rRNA-binding, Reference proteome,  RNA-binding,  Phosphoprotein, Acetylation,  Isopeptide bond,  Ribosomal protein,  Ubl conjugation"
Q6ZWU9," Ribonucleoprotein,  Phosphoprotein,  Zinc,  Reference proteome,  Zinc-finger, Metal-binding, Ribosomal protein"
Q765H6,"Alternative splicing,  Transmembrane helix,  Manganese,  Membrane,  Reference proteome, Golgi apparatus,  Metal-binding,  Glycoprotein,  Transmembrane, Signal-anchor,  Transferase,  Disulfide bond,  Glycosyltransferase"
Q76I79," Cytoplasm,  Actin-binding,  Protein phosphatase, Hydrolase,  Phosphoprotein, Acetylation,  Reference proteome,  Alternative splicing,  Cytoskeleton"
Q7TSG2,"Protein phosphatase,  Cytoplasm,  Mitosis,  Phosphoprotein, Acetylation,  Reference proteome, Cytoskeleton,  Nucleus,  Cell division,  Hydrolase,  Alternative splicing,  Cell cycle"
Q80ST9,"Alternative splicing,  Cytoplasm,  Coiled coil,  Cilium,  Phosphoprotein,  Protein transport,  Reference proteome,  Cell projection, Cytoskeleton, Transport"
Q80TE4,"Alternative splicing, Reference proteome,  Coiled coil,  Phosphoprotein,  GTPase activation"
Q80UP8," Receptor,  Transport,  Ion transport,  Phosphate transport,  Symport, Cell membrane, Reference proteome,  Phosphoprotein, Transmembrane helix, Membrane,  Sodium transport,  Sodium,  Glycoprotein,  Transmembrane,  Host-virus interaction"
Q80VW7," Neurogenesis,  Cytoplasm,  DNA-binding, Transcription,  Transcription regulation, Activator, Microtubule,  Phosphoprotein,  Reference proteome,  Nucleus,  Alternative splicing,  Cytoskeleton"
Q80WR5," Reference proteome,  Phosphoprotein, Nucleus"
Q80XS6,"Cytoplasm, Repressor,  Phosphoprotein,  Methylation,  Reference proteome,  Transcription,  Nucleus,  Transcription regulation"
Q80YE4,"Alternative splicing,  Cytoplasm,  Nucleotide-binding,  Phosphoprotein, Serine/threonine-protein kinase,  Reference proteome,  Cell projection, Membrane, Transmembrane helix,  Transferase,  Transmembrane,  ATP-binding,  Kinase"
Q80YV3," Repeat, Acetylation,  Reference proteome,  Transcription,  Chromatin regulator,  Nucleus,  Isopeptide bond, Phosphoprotein,  Ubl conjugation, Transcription regulation,  Activator"
Q80Z19,"Autocatalytic cleavage,  Repeat, Reference proteome,  Phosphoprotein,  Signal,  Secreted,  Glycoprotein,  Disulfide bond"
Q80ZU5," Cytoplasm,  Coiled coil,  Cilium, Cell projection, Microtubule,  Reference proteome,  Flagellum,  Cytoskeleton"
Q811J3,"RNA-binding,  Iron,  Cytoplasm,  Iron-sulfur,  Reference proteome,  Metal-binding,  Ubl conjugation, 4Fe-4S"
Q811T9," Microtubule,  Synapse,  Cytoplasm, 3D-structure,  Mitochondrion, Wnt signaling pathway,  Coiled coil,  Cell junction,  Developmental protein, Neurogenesis,  Reference proteome, Cytoskeleton,  Ubl conjugation,  Alternative splicing"
Q8BFV3," Protein phosphatase, Reference proteome,  Phosphoprotein, Acetylation,  Nucleus,  Hydrolase"
Q8BFY9,"Alternative splicing,  Transport,  Cytoplasm,  Repeat, Reference proteome,  Protein transport,  Nucleus"
Q8BG71,"Reference proteome,  Transferase,  S-adenosyl-L-methionine,  tRNA processing"
Q8BH60,"Coiled coil, Protein transport,  Transport,  Synapse,  Cytoplasm,  Phosphoprotein,  Cell junction, Acetylation,  Golgi apparatus,  Membrane,  Cell projection,  Reference proteome,  Alternative splicing"
Q8BH61,"Transferase,  Cytoplasm,  Zymogen,  Calcium, Acetylation, Glycoprotein,  Hemostasis,  Reference proteome,  Secreted,  Metal-binding,  Blood coagulation,  Acyltransferase"
Q8BHY8,"Protein transport,  Transmembrane helix,  Phosphoprotein, Cell projection,  Membrane,  Endosome,  Reference proteome, Transport,  Transmembrane,  Lysosome"
Q8BI22,"Alternative splicing,  Cytoplasm, Reference proteome,  Phosphoprotein,  Coiled coil,  Cytoskeleton"
Q8BIG4," Phosphoprotein,  Reference proteome,  Kinetochore,  Chromosome, Ubl conjugation pathway, Centromere"
Q8BIL5," Microtubule,  Transport, Direct protein sequencing,  Cytoplasm, 3D-structure, Reference proteome,  Coiled coil,  Phosphoprotein,  Developmental protein,  Protein transport,  Differentiation, Cytoskeleton,  Spermatogenesis,  Acetylation,  Alternative splicing"
Q8BIY3," Nuclease, Cytoplasm, Reference proteome,  Endonuclease,  Zinc,  Metal-binding,  Magnesium,  Zinc-finger,  Hydrolase"
Q8BJ71,"Alternative splicing,  Transport,  mRNA transport,  Phosphoprotein,  Protein transport,  Membrane,  Reference proteome, Translocation, Nucleus,  Nuclear pore complex"
Q8BJZ4,"Mitochondrion,  Ribonucleoprotein, Transit peptide,  Reference proteome,  Ribosomal protein"
Q8BK67," Microtubule, Chromosome,  Cytoskeleton,  Cytoplasm,  Repeat,  Mitosis,  Cell membrane,  Centromere, Reference proteome,  Phosphoprotein, Acetylation, Membrane,  Nucleus,  Guanine-nucleotide releasing factor,  Cell division,  Cell cycle"
Q8BL43," Neurogenesis, Coiled coil,  Cytoplasm,  Reference proteome,  Cytoskeleton"
Q8BLX4," Transport,  Transmembrane helix,  Membrane, Transmembrane,  Reference proteome, Golgi apparatus,  Sugar transport"
Q8BM85,"Alternative splicing,  Reference proteome,  Cytoplasm,  Cytoskeleton"
Q8BMA3,"Alternative splicing,  Cytoplasm,  Cell membrane, Reference proteome,  Phosphoprotein,  Membrane"
Q8BR27,"Phosphoprotein,  Reference proteome"
Q8BRG6," Cytoplasm,  Repeat, Reference proteome,  Cell projection,  Ubl conjugation,  Kelch repeat, Cell junction,  Ubl conjugation pathway"
Q8BRH3,"Reference proteome,  Phosphoprotein, Acetylation,  Alternative splicing,  GTPase activation"
Q8BTI9," Cytoplasm,  Nucleotide-binding, 3D-structure, Reference proteome,  Cell adhesion,  Phosphoprotein,  Nucleus,  Autophagy,  Transferase, Endocytosis,  ATP-binding,  Kinase"
Q8BUP8,Reference proteome
Q8BUV8,"Cell membrane,  Membrane,  Golgi apparatus,  Reference proteome,  Signal, Transmembrane helix,  Glycoprotein, Phosphoprotein,  Transmembrane,  Disulfide bond"
Q8BWW4," Cytoplasm, Reference proteome,  RNA-binding,  Phosphoprotein, Acetylation,  Protein biosynthesis,  Methylation"
Q8BYN5,"Alternative splicing,  Reference proteome,  Coiled coil,  Phosphoprotein"
Q8BZ52,"Coiled coil,  Cytoplasm,  Repeat, Sarcoplasmic reticulum,  Reference proteome,  Nucleus"
Q8BZ89," DNA-binding,  Cytoplasm,  Repeat, Reference proteome, Activator,  Phosphoprotein,  Zinc,  Transcription, Zinc-finger,  Nucleus,  Metal-binding,  Transcription regulation"
Q8BZB3,"Alternative splicing,  Cell membrane,  Coiled coil,  Membrane,  Reference proteome,  Cell projection, Transmembrane helix, Disulfide bond,  Transmembrane"
Q8BZT2,"Protein phosphatase inhibitor, Transferase,  Repeat, 3D-structure,  Phosphoprotein,  Zinc,  Reference proteome,  SH3 domain,  Nucleus,  Metal-binding,  Zinc-finger,  Ubl conjugation,  Alternative splicing,  Ubl conjugation pathway"
Q8C0V9,"Alternative splicing,  Cytoplasm,  Cell membrane, Reference proteome,  Phosphoprotein,  Membrane"
Q8C1B1,"Alternative splicing,  Microtubule,  Cytoplasm, Reference proteome,  Coiled coil,  Phosphoprotein,  Golgi apparatus,  Cell projection, Cytoskeleton"
Q8C3P7," Biological rhythms, RNA-binding,  S-adenosyl-L-methionine,  Cytoplasm, Differentiation,  Innate immunity, Methyltransferase,  Phosphoprotein, Acetylation,  Immunity,  Reference proteome,  Nucleus,  Isopeptide bond,  Transferase,  Spermatogenesis,  DNA damage, Ubl conjugation,  Alternative splicing"
Q8C4X2," Serine/threonine-protein kinase, Transferase,  Nucleotide-binding,  Cytoplasm,  Wnt signaling pathway, Acetylation,  Reference proteome, Phosphoprotein,  ATP-binding,  Kinase"
Q8CC86,"Cytoplasm,  Manganese,  Phosphoprotein,  Ligase,  Reference proteome, Pyridine nucleotide biosynthesis,  Magnesium,  Metal-binding,  Transferase"
Q8CDI2,"3D-structure,  Phosphoprotein,  Zinc,  Meiosis,  Reference proteome,  Metal-binding,  Zinc-finger, Ubl conjugation,  Ubl conjugation pathway"
Q8CEC6," mRNA splicing,  WD repeat,  Repeat,  Isomerase, Reference proteome,  Rotamase, Acetylation,  mRNA processing,  Nucleus,  Spliceosome"
Q8CFZ4,"Pyrrolidone carboxylic acid,  GPI-anchor,  Heparan sulfate, Lipoprotein, Cell membrane,  Phosphoprotein,  Membrane,  Protease inhibitor,  Reference proteome,  Signal,  Glycoprotein,  Disulfide bond,  Proteoglycan"
Q8CGC4," Ribonucleoprotein,  Developmental protein, Acetylation,  Methylation,  Reference proteome,  Isopeptide bond, Phosphoprotein,  Ubl conjugation, Translation regulation"
Q8CHY7,"Alternative splicing, TPR repeat,  Repeat,  Reference proteome,  Cell projection"
Q8CI66," Transport, Cell membrane,  Endosome,  Membrane,  Reference proteome, Transmembrane helix,  Lipid transport,  Cytoplasmic vesicle,  Signal-anchor, Phosphoprotein,  Transmembrane"
Q8CIM8," Repeat, Reference proteome, Acetylation,  Nucleus,  Isopeptide bond,  Ubl conjugation,  Alternative splicing"
Q8CIV2," Transmembrane helix, Acetylation,  Endoplasmic reticulum,  Reference proteome, Membrane,  Glycoprotein,  Transmembrane,  Alternative splicing"
Q8JZS7,"Cytoplasm,  Membrane,  Lyase,  Endoplasmic reticulum,  Myristate,  Reference proteome,  Lipoprotein, Metal-binding"
Q8K1E0," Transport, Reference proteome,  Transmembrane helix,  Coiled coil,  Membrane,  Golgi apparatus, Alternative initiation,  Transmembrane"
Q8K1R7,"Coiled coil,  Cytoplasm,  Repeat, 3D-structure,  Mitosis,  Phosphoprotein, Serine/threonine-protein kinase,  Reference proteome,  Nucleus, Nucleotide-binding,  ATP-binding,  Cell division,  Magnesium,  Metal-binding,  Transferase,  Acetylation,  Kinase,  Cell cycle"
Q8K284,"Alternative splicing,  DNA-binding,  Reference proteome,  Transcription,  Nucleus,  Isopeptide bond, Phosphoprotein,  Ubl conjugation"
Q8K2C7,"Alternative splicing, Lectin,  Endoplasmic reticulum,  Reference proteome,  Signal,  Glycoprotein,  Disulfide bond"
Q8K2V6," Transport, Protein transport,  Cytoplasm,  Repeat,  Phosphoprotein, Acetylation,  Reference proteome,  Nucleus,  Alternative splicing"
Q8K2Y0,"Alternative splicing,  Coiled coil,  Zinc,  Reference proteome, Ubl conjugation pathway,  Metal-binding,  Chromosome, Phosphoprotein,  Zinc-finger,  Ubl conjugation,  Transferase"
Q8K371,"Coiled coil, Wnt signaling pathway,  Phosphoprotein,  Endosome,  Reference proteome"
Q8K4B0," Biological rhythms,  Cytoplasm, Reference proteome,  Transcription regulation,  Phosphoprotein, Ubl conjugation, Acetylation,  Zinc,  Transcription,  Nucleus, DNA-binding,  Isopeptide bond,  Metal-binding,  Repressor,  Zinc-finger,  Activator,  Cytoskeleton"
Q8K4L0,"ATP-binding,  Nucleotide-binding,  Helicase,  RNA-binding,  Reference proteome,  Transcription,  Nucleus, Phosphoprotein, Transcription regulation,  Hydrolase"
Q8K4L4,"Tight junction,  Coiled coil,  Cell junction,  Reference proteome, Actin-binding"
Q8K4P0," Repeat,  Phosphoprotein, Acetylation,  mRNA processing,  Methylation,  Reference proteome,  Isopeptide bond,  Collagen, Nucleus, WD repeat,  Ubl conjugation"
Q8R0Z2,"Alternative splicing,  Biological rhythms,  Transport,  Electron transport,  NAD,  Growth regulation,  Cell membrane,  Coiled coil,  Membrane,  Reference proteome,  Secreted, Oxidoreductase, Copper,  Glycoprotein"
Q8R1M0," DNA-binding, Autocatalytic cleavage, Protease,  Ubl conjugation,  Phosphoprotein, DNA damage,  Reference proteome,  Isopeptide bond,  Chromosome,  Hydrolase,  Covalent protein-DNA linkage"
Q8R1N0,"mRNA splicing,  Mitosis,  Spliceosome, Zinc,  Coiled coil,  Phosphoprotein, Acetylation,  mRNA processing,  Reference proteome,  Nucleus,  Chromosome,  Cell division,  Metal-binding, Developmental protein,  Zinc-finger,  Cell cycle"
Q8R1S4," Cytoplasm,  Actin-binding, 3D-structure,  Coiled coil,  Phosphoprotein,  Reference proteome, Cytoskeleton,  Alternative splicing"
Q8VCB3," Reference proteome,  Glycogen biosynthesis, Phosphoprotein, Allosteric enzyme,  Transferase,  Glycosyltransferase"
Q8VEE0," Iron,  Isomerase,  Manganese, Acetylation,  Zinc,  Reference proteome,  Cobalt, Metal-binding,  Carbohydrate metabolism"
Q8VFM9," Receptor, Transducer,  Sensory transduction, Cell membrane,  Transmembrane helix,  Reference proteome, Membrane,  G-protein coupled receptor,  Olfaction,  Glycoprotein,  Transmembrane,  Disulfide bond"
Q8VHC3," Cytoplasm, 3D-structure, Reference proteome,  Selenocysteine,  Endoplasmic reticulum,  Golgi apparatus,  Signal"
Q8VHE6," Microtubule, ATP-binding,  Cytoplasm,  Nucleotide-binding,  Repeat,  Coiled coil,  Cilium,  Dynein,  Reference proteome,  Cell projection, Cytoskeleton,  Ciliopathy,  Motor protein, Primary ciliary dyskinesia"
Q91V81," Cytoplasm, Reference proteome,  RNA-binding,  Phosphoprotein, Acetylation,  Methylation,  Nucleus"
Q91VL8," Cytoplasm, Acetylation,  Reference proteome,  Transcription,  Nucleus,  Isopeptide bond,  Chromosome, Phosphoprotein,  Telomere,  Ubl conjugation, Transcription regulation,  Activator"
Q91W39,"Transcription,  Phosphoprotein, Acetylation,  Reference proteome,  Nucleus,  Repressor,  Transcription regulation"
Q91X60," Receptor,  Ion channel,  Transport,  Synapse,  Cell membrane, Postsynaptic cell membrane,  Transmembrane helix,  Ligand-gated ion channel,  Membrane,  Signal,  Reference proteome, Transmembrane,  Glycoprotein, Ion transport,  Disulfide bond, Cell junction"
Q91XT4," Transport, Endoplasmic reticulum,  ER-Golgi transport,  Phosphoprotein,  Protein transport,  Membrane, Reference proteome,  Golgi apparatus, Peroxisome biogenesis"
Q91XU0," Cytoplasm,  DNA damage,  Nucleotide-binding,  Innate immunity, Isopeptide bond, Acetylation,  Zinc,  Immunity,  Reference proteome, DNA repair,  DNA replication,  Metal-binding,  Nucleus, Phosphoprotein,  Zinc-finger,  Ubl conjugation,  ATP-binding,  Hydrolase,  Alternative splicing"
Q91YE5,"Coiled coil,  Repressor,  DNA-binding,  Bromodomain,  Repeat, Transcription,  RNA-binding, Acetylation,  Zinc,  Reference proteome, Zinc-finger,  Chromatin regulator,  Nucleus,  Isopeptide bond,  Metal-binding, Phosphoprotein,  Ubl conjugation,  Alternative splicing,  Transcription regulation"
Q91Z92,"Reference proteome,  Manganese,  Membrane, Glycoprotein,  Golgi apparatus, Transmembrane helix,  Signal-anchor,  Transmembrane,  Transferase,  Glycosyltransferase"
Q921K9,"Alternative splicing,  Wnt signaling pathway, Reference proteome,  Phosphoprotein,  Differentiation,  Apoptosis"
Q922P9,"Chromosome,  NAD,  DNA-binding,  Reference proteome,  Oxidoreductase,  Nucleus,  Isopeptide bond, Phosphoprotein,  Ubl conjugation"
Q922R0," Cytoplasm,  Nucleotide-binding,  cAMP,  Phosphoprotein, Serine/threonine-protein kinase, Acetylation,  Differentiation,  Reference proteome,  Angiogenesis, Nucleus,  Transferase, Developmental protein,  ATP-binding,  Kinase"
Q923L3,"Alternative splicing,  Repeat, Reference proteome,  Membrane,  Signal, Transmembrane helix,  Glycoprotein,  Sushi,  Transmembrane,  Disulfide bond"
Q924N4," Potassium transport,  Transport, Direct protein sequencing,  Ion transport,  Cell membrane,  Potassium,  Transmembrane helix,  Membrane, Symport, Alternative promoter usage,  Chloride,  Reference proteome,  Glycoprotein, Phosphoprotein,  Transmembrane"
Q924X2,"Acyltransferase,  Transport, Mitochondrion, Transferase,  Transmembrane helix,  Membrane,  Reference proteome,  Fatty acid metabolism,  Lipid metabolism,  Mitochondrion outer membrane,  Transmembrane"
Q99JH7," Synapse,  Repeat,  Cell membrane, Endoplasmic reticulum, Reference proteome,  Cell adhesion,  Cell junction,  Membrane,  Golgi apparatus,  Signal,  Cell projection, Transmembrane helix,  Glycoprotein,  Transmembrane, Calcium"
Q99KR6," Cytoplasm,  Repeat,  Cell membrane,  Membrane,  Zinc,  Reference proteome, Ubl conjugation pathway,  Nucleus,  Metal-binding,  Zinc-finger, Phosphoprotein, Apoptosis,  Ubl conjugation,  Transferase"
Q99LE6," Nucleotide-binding,  Repeat, Reference proteome,  Phosphoprotein, Acetylation,  ATP-binding"
Q99LN9," Iron,  Hypusine biosynthesis,  Repeat, Acetylation,  Reference proteome,  Oxidoreductase, Metal-binding,  Alternative splicing,  Monooxygenase"
Q99MJ9,"ATP-binding,  Nucleotide-binding,  Helicase,  RNA-binding,  Phosphoprotein,  Reference proteome,  Isopeptide bond, Nucleus,  Ubl conjugation,  Hydrolase"
Q99P69,"Chromosome,  Mitosis,  Centromere, Reference proteome,  Coiled coil,  Phosphoprotein, Acetylation,  Kinetochore,  Nucleus,  Cell division,  Alternative splicing,  Cell cycle"
Q99PF4," Disease mutation,  Repeat, 3D-structure,  Cell membrane,  Transmembrane helix,  Cell adhesion, Deafness,  Calcium,  Membrane,  Polymorphism,  Reference proteome,  Signal, Transmembrane,  Metal-binding,  Glycoprotein,  Hearing,  Alternative splicing, Non-syndromic deafness"
Q9CQ19," Repeat,  Myosin,  Calcium, Acetylation,  Reference proteome,  Motor protein,  Muscle protein,  Metal-binding, Phosphoprotein"
Q9CQ71,"Isopeptide bond, DNA damage,  DNA repair,  Reference proteome,  DNA replication,  Nucleus,  Ubl conjugation,  DNA recombination"
Q9CQE8,"RNA-binding,  Cytoplasm,  Transcription regulation, Acetylation,  Reference proteome,  Transcription,  Nucleus,  Cytoskeleton"
Q9CQP2," Transport,  Cytoplasm, 3D-structure, Transcription,  ER-Golgi transport,  Reference proteome,  Nucleus"
Q6GTJ6,"Reference proteome,  Phosphoprotein, Acetylation,  Transcription,  Nucleus,  Alternative splicing,  Transcription regulation"
Q9CWY8,"Nuclease, 3D-structure,  Phosphoprotein,  Endonuclease,  Reference proteome,  Nucleus,  Metal-binding,  Acetylation,  Hydrolase"
Q9CX30," Transport,  Transmembrane helix,  Phosphoprotein,  Protein transport, Acetylation,  Endoplasmic reticulum,  Golgi apparatus, Membrane,  Reference proteome, Transmembrane,  Alternative splicing"
Q9CX98,"Alternative splicing,  Mitochondrion inner membrane,  Iron,  Mitochondrion,  Microsome,  Membrane,  Endoplasmic reticulum,  Reference proteome, Transmembrane helix,  Heme,  Oxidoreductase,  Transmembrane, Monooxygenase, Metal-binding"
Q9CXI3," Transmembrane helix,  Membrane,  Endoplasmic reticulum,  Reference proteome,  Signal,  Oxidoreductase, Transmembrane, Copper,  Glycoprotein, Metal-binding,  Disulfide bond,  Monooxygenase"
Q9CY50,"Reference proteome,  Transmembrane helix,  Phosphoprotein,  Membrane,  Endoplasmic reticulum,  Signal,  Glycoprotein,  Transmembrane, Calcium"
Q9CYV5," Mitochondrion,  Reference proteome,  Peroxisome, Membrane, Transmembrane helix,  Transmembrane"
Q9CZR3," Transport,  Mitochondrion,  Protein transport,  Membrane, Transmembrane beta strand,  Reference proteome,  Mitochondrion outer membrane, Ion transport,  Transmembrane, Porin"
Q9D0B8,"Coiled coil,  Reference proteome"
Q9D1T5,"Developmental protein,  Reference proteome,  Phosphoprotein"
Q9D2H8,"Alternative splicing,  Reference proteome"
Q9D552," Calmodulin-binding, Alternative splicing, Repeat,  Cytoplasm,  Reference proteome"
Q9D695,"Cytoplasm,  Phosphoprotein, Serine protease inhibitor,  Reference proteome,  Protease inhibitor"
Q9D6N5,"Transcription,  Phosphoprotein,  Reference proteome,  Nucleus, DNA-binding,  Repressor,  Transcription regulation"
Q9D7S1," Transmembrane,  Reference proteome, Membrane,  Transmembrane helix"
Q9D8C8,"Phosphoprotein,  Reference proteome,  Protein phosphatase inhibitor"
Q9D8U4," Signal, Collagen,  Reference proteome,  Secreted"
Q9D8V7," Protease, Endoplasmic reticulum, Reference proteome,  Microsome,  Transmembrane helix,  Membrane,  Signal-anchor,  Transmembrane,  Hydrolase"
Q9D952," Keratinization,  Cytoplasm,  Repeat,  Coiled coil,  Reference proteome,  SH3 domain, Phosphoprotein, Cell junction,  Cytoskeleton"
Q9DBJ6," Protease,  Cytoplasm, Cell membrane, Reference proteome,  Phosphoprotein,  Membrane,  Ubl conjugation,  Hydrolase,  Ubl conjugation pathway"
Q9DBN4,"Alternative splicing,  Cytoplasm, Reference proteome,  Phosphoprotein,  Oxidoreductase,  NADP"
Q9DC33,"Alternative splicing,  DNA-binding,  Coiled coil,  Phosphoprotein,  Reference proteome,  Transcription,  Chromatin regulator, Nucleus, Transcription regulation"
Q9DC50," Transport, 3D-structure, Lipid metabolism,  Reference proteome,  Peroxisome,  Fatty acid metabolism,  Transferase,  Acetylation,  Acyltransferase"
Q9DCD5,"Reference proteome,  Phosphoprotein,  Coiled coil,  Golgi apparatus,  Tight junction, Cell junction"
Q9DCU2," Transport,  Ion transport,  Transmembrane helix,  Phosphoprotein,  Membrane, Transmembrane,  Reference proteome, Ion channel"
Q9DCV4," Microtubule, TPR repeat, Cytoplasm,  Repeat,  Reference proteome,  Cytoskeleton"
Q9EPU4,"mRNA processing,  RNA-binding,  Phosphoprotein,  Reference proteome,  Nucleus"
Q9EQN3," Phosphoprotein,  Reference proteome,  Transcription, Nucleus,  Repressor, Transcription regulation"
Q9ESN3,"Alternative splicing,  EGF-like domain,  Cell membrane,  Transmembrane helix,  Membrane, Glycoprotein,  Signal,  Reference proteome, Transmembrane,  Disulfide bond,  Hydrolase,  Lysosome"
Q9JI11,"Magnesium,  Serine/threonine-protein kinase,  Cytoplasm,  Nucleotide-binding, Reference proteome,  Coiled coil,  Phosphoprotein, Acetylation,  Nucleus,  Metal-binding,  Transferase,  Apoptosis,  ATP-binding,  Kinase"
Q9JL16," Nuclease, Alternative splicing,  Cytoplasm,  Innate immunity, Immunity, Reference proteome,  Manganese,  RNA-binding,  Antiviral defense,  Exonuclease,  Nucleus,  Metal-binding,  Hydrolase,  rRNA processing"
Q9JL68,"Cytoplasm, Reference proteome,  Phosphoprotein,  DNA repair,  Nucleus,  DNA damage"
Q9QXA6," Cell membrane,  Transmembrane helix, Amino-acid transport,  Membrane,  Reference proteome, Transport,  Disulfide bond, Phosphoprotein,  Transmembrane"
Q9QXP7,"Collagen,  Signal,  Reference proteome,  Secreted,  Glycoprotein"
Q9QXY1," Repeat,  Cell membrane, Reference proteome,  Phosphoprotein,  Membrane,  SH3 domain,  Nucleus,  Tight junction, Cell junction"
Q9QYZ3,"ATP-binding,  Nucleotide-binding, Serine/threonine-protein kinase,  Reference proteome,  Transferase,  Kinase"
Q9R045,"Coiled coil,  Reference proteome,  Secreted, Signal,  Glycoprotein,  Disulfide bond"
Q9R0B6," Glycoprotein, Basement membrane,  Repeat, Reference proteome,  Cell adhesion,  Coiled coil,  Signal,  Secreted, Extracellular matrix,  Disulfide bond,  Laminin EGF-like domain"
Q9R0B9,"Vitamin C,  Iron, Dioxygenase,  Phosphoprotein,  Membrane,  Endoplasmic reticulum,  Reference proteome,  Signal,  Oxidoreductase,  Glycoprotein, Metal-binding"
Q9R0M4," Cell membrane,  Membrane,  Polymorphism,  Signal,  Reference proteome,  Cell projection, Cell adhesion, Transmembrane helix,  Glycoprotein, Phosphoprotein,  Transmembrane"
Q9R0N4," Repeat,  Phosphoprotein,  Membrane,  Exocytosis,  Reference proteome, Transmembrane helix,  Cytoplasmic vesicle,  Disulfide bond,  Transmembrane, Metal-binding, Calcium"
Q9R1C7," mRNA splicing, mRNA processing,  Repeat, Reference proteome,  Phosphoprotein, Acetylation,  Methylation,  Nucleus,  Isopeptide bond,  Ubl conjugation,  Alternative splicing"
Q9R1X5," Transport, ATP-binding,  Nucleotide-binding,  Repeat,  Cell membrane,  Endosome,  Membrane, Glycoprotein,  Golgi apparatus,  Reference proteome, Transmembrane helix, Phosphoprotein,  Transmembrane,  Direct protein sequencing"
Q9R207," Phosphoprotein,  DNA repair,  Meiosis,  Reference proteome,  Isopeptide bond,  Chromosome, Nucleus, Cell cycle,  Ubl conjugation,  DNA damage,  Telomere"
Q9WUF3," Cytoplasm,  Mitochondrion,  Phosphoprotein, Acetylation,  Reference proteome,  Transcription, Nucleus,  Repressor,  Apoptosis, Transcription regulation,  Activator,  Cell cycle"
Q9WV31," Cytoskeleton,  Synapse,  Cytoplasm,  Palmitate,  Cell membrane, Postsynaptic cell membrane,  RNA-binding,  Coiled coil,  Phosphoprotein,  Developmental protein,  Membrane,  Reference proteome,  Cell projection,  Lipoprotein, Endosome,  Endocytosis, Transport,  Ubl conjugation, Cell junction, Cytoplasmic vesicle"
Q9WVK0," Transmembrane helix,  Membrane,  Endoplasmic reticulum,  Golgi apparatus,  Reference proteome, Phosphoprotein,  Transmembrane, Cytoplasmic vesicle"
Q9Z0G2,"ATP-binding,  Phosphoprotein, Serine/threonine-protein kinase,  Developmental protein,  Differentiation,  Reference proteome, Nucleotide-binding,  Transferase,  Kinase,  Myogenesis"
Q9Z0H0,"Alternative splicing,  Nucleotide-binding,  Ubl conjugation, Isopeptide bond,  Phosphoprotein, Serine/threonine-protein kinase,  Reference proteome,  Magnesium,  Cell division,  Metal-binding, Nucleus,  Transferase,  ATP-binding,  Kinase,  Cell cycle"
Q9Z0L4,"Secreted,  Signal, Cytokine,  Reference proteome,  Glycoprotein,  Growth factor,  Disulfide bond"
Q9Z1E4," Reference proteome,  Glycogen biosynthesis, Phosphoprotein, Allosteric enzyme,  Transferase,  Glycosyltransferase"
Q9Z1Q5," Ion channel,  Ion transport,  Cytoplasm,  Cell membrane,  Transmembrane helix,  Voltage-gated channel, Acetylation,  Membrane,  Chloride,  Reference proteome,  Nucleus, Disulfide bond,  Transmembrane, Phosphoprotein, Transport,  Chloride channel"
Q9Z2C5," Transport, Protein transport,  Cytoplasm,  Protein phosphatase, Cell membrane,  Phosphoprotein,  Endosome,  Membrane, Lipid metabolism,  Reference proteome,  Cell projection,  Hydrolase"
Q9Z2U2," DNA-binding,  Repeat, Acetylation,  Zinc,  Reference proteome,  Transcription,  Nucleus,  Metal-binding,  Zinc-finger, Phosphoprotein, Transcription regulation,  Alternative splicing"
P70445,"Phosphoprotein,  Reference proteome,  Protein synthesis inhibitor, Translation regulation"
Q9DAS2,"Alternative splicing,  Reference proteome"
P62897," Transport,  Iron,  Electron transport,  Mitochondrion, Reference proteome,  Phosphoprotein, Heme, Acetylation,  Metal-binding,  Apoptosis,  Respiratory chain,  Direct protein sequencing"
P21550,"Magnesium,  Cytoplasm,  Phosphoprotein,  Glycolysis, Acetylation,  Lyase,  Reference proteome,  Metal-binding,  Direct protein sequencing"
Q8K1N2,"Alternative splicing,  Cytoplasm,  Coiled coil,  Phosphoprotein,  Reference proteome, Membrane,  Direct protein sequencing"
