Q64288,"Sensory transduction, 3D-structure,  Acetylation,  Cytoplasm,  Olfaction,  Reference proteome"
Q9Z2M7,"Reference proteome,  Cytoplasm,  Magnesium,  Metal-binding,  Isomerase, Acetylation"
P24529,"Catecholamine biosynthesis,  Direct protein sequencing,  Monooxygenase,  Iron,  Cytoplasm,  Neurotransmitter biosynthesis, Metal-binding, Oxidoreductase,  Reference proteome,  Phosphoprotein"
A0JNU3," Repeat,  Hydrolase,  Lipid degradation,  Transferase,  ANK repeat, Acyltransferase,  Reference proteome, Lipid metabolism,  Phosphoprotein"
A2APT9,"Repeat,  Membrane,  Transmembrane,  Transmembrane helix, Glycoprotein,  Reference proteome,  Phosphoprotein,  Kelch repeat"
A6BLY7,"Coiled coil,  Cytoplasm,  Intermediate filament,  Keratin,  Reference proteome"
A6H603,"Alternative splicing, Reference proteome,  Repeat,  Cytoplasm,  ATP-binding,  WD repeat,  Nucleotide-binding"
A8E0Y8,"Polymorphism,  Repeat,  Signal,  Immunoglobulin domain, Disulfide bond,  Membrane,  Transmembrane, Transmembrane helix,  Glycoprotein,  Reference proteome"
B1AY13,"Alternative splicing, Reference proteome,  Hydrolase,  Thiol protease,  Ubl conjugation pathway,  Phosphoprotein,  Protease"
B1AZ99," Thiol protease, Hydrolase,  Reference proteome, Ubl conjugation pathway,  Protease"
B5X0E4,"Alternative splicing,  Repeat,  Membrane,  Cell membrane,  ATP-binding,  Transmembrane helix,  Nucleotide-binding,  Differentiation, Glycoprotein,  Transport,  Reference proteome, Transmembrane"
D3Z6P0," Steroid-binding, Alternative splicing, Reference proteome,  Repeat,  Signal,  Disulfide bond,  Isomerase, Glycoprotein,  Lipid-binding,  Endoplasmic reticulum,  Redox-active center,  Chaperone"
E1U8D0,"Coiled coil,  Reference proteome,  Phosphoprotein,  Secreted"
E2JF22," Ion channel,  Disulfide bond, 3D-structure, Phosphoprotein,  Membrane,  Ion transport,  Cell membrane,  Cell projection,  Glycoprotein,  Transmembrane,  Coiled coil,  Transmembrane helix, Transport, Endoplasmic reticulum,  Reference proteome"
E9Q612," Repeat,  Signal,  Hydrolase,  Membrane,  Transmembrane, Transmembrane helix,  Protein phosphatase, Glycoprotein,  Reference proteome, Receptor,  Phosphoprotein"
E9Q9U0,"Alternative splicing,  Ubl conjugation,  Hydrolase, Thiol protease,  Ubl conjugation pathway,  Reference proteome,  Protease"
O08784," Nucleus,  Ubl conjugation,  Reference proteome,  Isopeptide bond, Repeat, Acetylation,  Phosphoprotein"
O09044,"Membrane,  Reference proteome,  Synapse, Repeat,  Cell membrane,  Cell junction,  Coiled coil,  Synaptosome,  Transport,  Lipoprotein,  Phosphoprotein,  Palmitate,  Protein transport, Acetylation"
O35227," Signal, Disulfide bond,  Membrane,  Glycoprotein,  Transmembrane helix,  Reference proteome, Transmembrane"
O35623,"Coiled coil,  Golgi apparatus, Membrane,  Protein transport,  Transmembrane helix,  Transport,  ER-Golgi transport,  Reference proteome,  Phosphoprotein,  Endoplasmic reticulum, Transmembrane"
O35655,"Reference proteome,  Repeat,  Magnesium,  Manganese,  Metal-binding,  Protein phosphatase, Hydrolase"
O35691,"Transcription regulation,  mRNA splicing,  Methylation,  Nucleus,  Spliceosome,  Reference proteome,  Transcription,  Ubl conjugation, Phosphoprotein,  mRNA processing,  DNA-binding, Isopeptide bond,  Coiled coil,  Cell junction, Acetylation,  Activator"
O54786," Cytoplasm, 3D-structure,  Acetylation, Phosphoprotein,  Alternative splicing,  Apoptosis,  Reference proteome"
O54839,"Transcription regulation,  Developmental protein,  Nucleus, Activator,  Adaptive immunity,  Transcription, Phosphoprotein, Differentiation,  Alternative splicing,  DNA-binding,  Gastrulation,  Immunity,  Reference proteome"
O70362," Repeat,  Signal,  Hydrolase,  HDL, Glycoprotein,  Reference proteome,  Secreted"
O70475," Reference proteome, Oxidoreductase,  NAD, Acetylation,  Phosphoprotein,  Allosteric enzyme,  Carbohydrate metabolism"
O70481," Zinc-finger,  Reference proteome,  Cytoplasm,  Zinc,  Metal-binding,  Ubl conjugation pathway, Acetylation,  Phosphoprotein, Transferase"
O88508,"Methyltransferase,  Nucleus,  Methylation,  Transcription,  Ubl conjugation,  Zinc-finger, 3D-structure,  Chromatin regulator,  Cytoplasm,  Isopeptide bond,  Repressor,  Zinc, S-adenosyl-L-methionine, DNA-binding,  Metal-binding,  Alternative promoter usage,  Reference proteome,  Phosphoprotein,  Transcription regulation, Transferase"
O88561,"Alternative splicing, Reference proteome,  Membrane,  Transmembrane,  ATP-binding,  Ligase,  Mitochondrion,  Nucleotide-binding,  Transmembrane helix, Lipid metabolism,  Fatty acid metabolism"
O88786,"Alternative splicing, Reference proteome,  Repeat,  Signal,  Disulfide bond,  Receptor,  Membrane,  Transmembrane, Transmembrane helix,  Glycoprotein,  Secreted"
O88892," Reference proteome,  Nucleus, Cytoplasm"
O88958,"Reference proteome, Carbohydrate metabolism,  Hydrolase,  Cytoplasm,  Phosphoprotein"
P00397," Electron transport, Reference proteome,  Copper,  Iron,  Heme,  Membrane,  Transmembrane,  Mitochondrion, Transmembrane helix,  Magnesium, Metal-binding,  Mitochondrion inner membrane, Calcium,  Translocase,  Transport,  Respiratory chain,  Sodium"
Q6NWV8," Thioester bond,  Cleavage on pair of basic residues,  Disulfide bond,  Innate immunity,  Synapse,  Cell projection, Complement pathway,  Glycoprotein, Signal,  Immunity, Inflammatory response,  Reference proteome,  Sulfation, Cell junction,  Secreted"
P05555," Repeat,  Cell adhesion,  Disulfide bond, Membrane,  Receptor,  Signal, 3D-structure,  Alternative splicing,  Cell membrane,  Calcium, Direct protein sequencing,  Glycoprotein,  Metal-binding,  Transmembrane helix,  Integrin,  Reference proteome, Transmembrane"
P05622," Developmental protein,  Signal,  Transferase, Repeat,  Alternative splicing,  Nucleotide-binding,  Reference proteome,  Chemotaxis,  Receptor, 3D-structure, Disulfide bond,  Transmembrane helix,  Ubl conjugation, Membrane,  Transmembrane,  Cell membrane,  ATP-binding,  Glycoprotein, Cytoplasmic vesicle,  Phosphoprotein, Tyrosine-protein kinase,  Kinase,  Direct protein sequencing,  Lysosome,  Immunoglobulin domain"
P09084," Developmental protein,  Nucleus, Activator,  Transcription, Paired box,  Disease mutation,  DNA-binding,  Reference proteome,  Transcription regulation"
P0C6F1," Flagellum,  Motor protein, Reference proteome,  Repeat,  Cilium,  Cytoplasm, Dynein,  Cell projection,  Nucleotide-binding,  Coiled coil,  TPR repeat, ATP-binding,  Cytoskeleton,  Microtubule"
P0CB42," Nucleus, Reference proteome,  RNA repair,  DNA damage,  Iron, 3D-structure,  Dioxygenase, Metal-binding,  Lyase,  Translation regulation,  DNA repair,  Oxidoreductase,  Multifunctional enzyme"
P10107," Adaptive immunity,  Cilium,  Calcium, Calcium/phospholipid-binding,  Immunity, Acetylation,  Repeat,  Annexin, Cytoplasm,  Phospholipase A2 inhibitor,  Isopeptide bond,  Membrane, Reference proteome,  Ubl conjugation,  Disulfide bond,  Endosome,  Cell membrane,  Cell projection,  Cytoplasmic vesicle,  Phosphoprotein,  Nucleus,  Innate immunity, Metal-binding, Inflammatory response,  Secreted"
P15626," Direct protein sequencing, Cytoplasm,  Reference proteome,  Phosphoprotein, Transferase"
P16381," Developmental protein,  Methylation,  Repeat,  Ubl conjugation,  Hydrolase,  Reference proteome,  Helicase, RNA-binding,  Isopeptide bond, Nucleotide-binding,  ATP-binding, DNA-binding,  Differentiation,  Spermatogenesis, Acetylation,  Phosphoprotein"
P17892," Disulfide bond,  Hydrolase,  Lipid degradation,  Membrane,  Glycoprotein,  Metal-binding, Signal, Calcium,  Reference proteome, Lipid metabolism,  Secreted"
P18893," Signal,  Disulfide bond, Secreted, 3D-structure,  Glycoprotein,  Cytokine,  Reference proteome"
P21447,"Reference proteome,  Repeat,  Direct protein sequencing, 3D-structure,  Membrane,  Transmembrane,  Cell membrane,  ATP-binding, Transmembrane helix,  Nucleotide-binding, Glycoprotein,  Translocase,  Transport,  Phosphoprotein"
P21550," Direct protein sequencing,  Reference proteome,  Cytoplasm,  Glycolysis, Magnesium,  Lyase,  Metal-binding, Acetylation,  Phosphoprotein"
P22682," Zinc-finger,  Repeat,  Ubl conjugation,  Transferase, Golgi apparatus, 3D-structure,  Cytoplasm,  Polymorphism,  Membrane, Proto-oncogene,  Cell membrane,  Calcium,  Cell projection,  Metal-binding,  Zinc,  Reference proteome, Ubl conjugation pathway,  Phosphoprotein"
P23299," Ion channel,  Direct protein sequencing, Potassium transport,  Potassium, Ion transport,  Membrane,  Potassium channel,  Transmembrane,  Glycoprotein, Transmembrane helix,  Voltage-gated channel,  Transport,  Reference proteome,  Phosphoprotein, Cell membrane"
P23591," NADP, Reference proteome, Isomerase,  Tumor antigen,  Oxidoreductase,  Multifunctional enzyme"
P24860," Cell cycle, Mitosis,  Nucleus,  Cell division,  Ubl conjugation,  Reference proteome,  Cytoplasm,  Cyclin, Acetylation,  Cytoskeleton,  Phosphoprotein"
P25118,"Apoptosis,  Golgi apparatus,  Repeat,  Disulfide bond, Membrane,  Receptor,  Signal,  Transmembrane,  Cell membrane,  Glycoprotein, Transmembrane helix,  Reference proteome"
Q99PE1," mRNA splicing,  Nucleus, Reference proteome,  Repeat,  Ubl conjugation,  Cytoplasm,  Isopeptide bond,  Alternative splicing, mRNA processing, Acetylation,  Phosphoprotein,  Activator,  RNA-binding"
P35569," Repeat,  Transducer, 3D-structure, Ubl conjugation,  Reference proteome,  Phosphoprotein"
P35689," Endonuclease,  Nucleus, Reference proteome,  Hydrolase,  DNA damage, Magnesium,  DNA-binding,  Metal-binding,  DNA repair,  Nuclease, Acetylation,  Phosphoprotein"
P41234," Methylation,  Repeat,  Lysosome,  Endosome,  Membrane, Nucleotide-binding,  Glycoprotein,  Transmembrane helix,  Transport, ATP-binding,  Reference proteome,  Phosphoprotein, Transmembrane"
P41778,"Transcription regulation,  Developmental protein,  Nucleus,  Direct protein sequencing, Reference proteome,  Transcription, 3D-structure, Differentiation,  Alternative splicing,  DNA-binding,  Sexual differentiation,  Homeobox,  Steroidogenesis,  Activator"
P48455,"Reference proteome, Calmodulin-binding,  Hydrolase,  Iron,  Zinc,  Metal-binding,  Protein phosphatase"
P48725,"Alternative splicing, Cytoskeleton,  Cytoplasm,  Calmodulin-binding,  Coiled coil,  Reference proteome,  Phosphoprotein,  Microtubule"
P48754," Fatty acid biosynthesis, Fatty acid metabolism,  Lipid biosynthesis,  DNA repair, Acetylation, Lipid metabolism,  Transcription regulation,  Cell cycle,  Repeat,  Isopeptide bond,  Metal-binding,  Ubl conjugation pathway, Transferase, Zinc,  Activator, DNA recombination, Reference proteome,  Transcription,  Ubl conjugation,  DNA-binding,  Tumor suppressor,  Chromosome,  Phosphoprotein,  Zinc-finger,  Nucleus,  DNA damage,  Cytoplasm"
P49070,"Membrane, Transmembrane helix,  Transmembrane,  Reference proteome,  Phosphoprotein"
P50171," Fatty acid biosynthesis, Fatty acid metabolism,  Reference proteome,  Alternative splicing,  Mitochondrion,  Lipid biosynthesis, Steroid biosynthesis, NAD, Acetylation,  Oxidoreductase,  Phosphoprotein,  Lipid metabolism"
P50615,Reference proteome
P50652," Nucleus, Cytoplasm,  DNA damage,  DNA repair,  Reference proteome"
P51175,"Reference proteome,  Heme biosynthesis,  Porphyrin biosynthesis,  Membrane,  Mitochondrion,  Flavoprotein, FAD,  Oxidoreductase, Mitochondrion inner membrane"
P51791,"Alternative splicing,  Antiport,  CBS domain,  Repeat,  Endosome,  Membrane, Chloride,  Cell membrane,  ATP-binding,  Glycoprotein,  Ion transport, Lysosome,  Cytoplasmic vesicle,  Nucleotide-binding,  Transmembrane helix,  Transport,  Reference proteome, Transmembrane"
P52189," Ion channel, Potassium transport,  Potassium,  Synapse, Ion transport,  Membrane,  Transmembrane,  Cell membrane, Transmembrane helix,  Voltage-gated channel,  Cytoplasmic vesicle,  Transport,  Reference proteome,  Postsynaptic cell membrane, Cell junction"
P52194," Developmental protein, Reference proteome,  Repeat,  Signal, Disulfide bond,  Membrane,  Transmembrane, Transmembrane helix,  Calcium,  Differentiation,  Meiosis,  Spermatogenesis, Acetylation,  Phosphoprotein,  Endoplasmic reticulum,  Chaperone"
P52785,"Reference proteome,  Signal,  Disulfide bond,  Sensory transduction,  Membrane, Cell projection,  Transmembrane, Transmembrane helix,  Lyase,  Nucleotide-binding, Glycoprotein,  cGMP biosynthesis,  Vision,  Endoplasmic reticulum,  GTP-binding"
P53811," Golgi apparatus, Reference proteome,  Cytoplasm,  Lipid-binding,  Transport, Acetylation,  Phosphoprotein"
P55772," Disulfide bond,  Hydrolase, Membrane,  Transmembrane, Transmembrane helix,  Calcium,  Glycoprotein,  Magnesium,  Nucleotide-binding, ATP-binding,  Reference proteome"
P58059," Ribonucleoprotein,  Reference proteome,  Ribosomal protein, Mitochondrion"
P58158," Golgi apparatus,  Transferase, Disulfide bond,  Membrane,  Glycoprotein,  Manganese, Metal-binding,  Signal-anchor,  Transmembrane helix,  Reference proteome, Transmembrane"
P59672," Repeat, 3D-structure,  ANK repeat,  Acetylation,  Cytoplasm, Cell projection,  Alternative splicing,  Reference proteome,  Phosphoprotein"
P62046," Repeat, Cytoplasm,  Leucine-rich repeat,  Reference proteome,  Phosphoprotein"
P62281," Methylation,  Reference proteome,  Lipoprotein, Phosphoprotein, RNA-binding,  Ribonucleoprotein,  Citrullination,  Ribosomal protein,  rRNA-binding, Acetylation,  Palmitate"
P62960,"Transcription regulation,  Mitogen,  mRNA splicing,  Nucleus, Reference proteome,  Transcription,  Ubl conjugation,  Cytoplasm,  Isopeptide bond,  Repressor,  Secreted,  DNA-binding, mRNA processing, Acetylation,  Phosphoprotein,  Activator,  RNA-binding"
P63078,"Reference proteome,  Methylation,  Prenylation,  Transducer,  Membrane,  Lipoprotein, Cell membrane"
P63084," Repeat,  Copper,  Zinc,  Metal-binding, Calcium,  Reference proteome"
P63168," Motor protein, Transcription regulation,  Nucleus,  Transcription,  Ubl conjugation,  Reference proteome,  Cytoplasm, Phosphoprotein,  Mitochondrion, Isopeptide bond,  Transport,  Apoptosis,  Dynein,  Cytoskeleton,  Microtubule,  Activator, Acetylation"
P70213," Reference proteome, Antiviral defense,  Host-virus interaction"
P97310," Cell cycle,  Zinc-finger,  Nucleus,  Ubl conjugation,  Reference proteome,  DNA replication,  Helicase, Phosphoprotein,  Isopeptide bond,  Zinc, Direct protein sequencing,  ATP-binding,  DNA-binding,  Metal-binding,  Nucleotide-binding, Hydrolase,  Chromosome, Acetylation"
P97360,"Transcription regulation,  Nucleus,  Transcription,  Ubl conjugation, 3D-structure,  Acetylation,  Isopeptide bond, Phosphoprotein,  Repressor,  DNA-binding,  Reference proteome"
P97367,"Transcription regulation,  Developmental protein,  Nucleus, Activator,  Transcription,  Cytoplasm,  Alternative splicing, DNA-binding,  Homeobox,  Reference proteome"
P97433,"Alternative splicing,  Cytoplasm, Differentiation,  Membrane,  Zinc,  Cell membrane, Zinc-finger, Metal-binding,  Coiled coil,  Guanine-nucleotide releasing factor,  Reference proteome,  Phosphoprotein,  RNA-binding"
P97473," Nucleus,  Repeat, Cytoplasm, RNA-binding,  RNA-mediated gene silencing,  Translation regulation,  Reference proteome,  Phosphoprotein"
P97742," Acyltransferase,  Mitochondrion outer membrane, Membrane,  Reference proteome,  Transferase, Phosphoprotein,  Nitration,  Transmembrane,  Mitochondrion, Transmembrane helix,  Transport, Acetylation,  Fatty acid metabolism,  Lipid metabolism"
P97817,"Coiled coil,  Reference proteome,  Phosphoprotein,  Direct protein sequencing"
P98083,"Reference proteome, Cytoplasm,  Growth regulation,  Alternative splicing,  Mitochondrion,  Angiogenesis,  Alternative initiation,  SH2 domain, Acetylation,  Phosphoprotein"
P98200," Lipid transport, Golgi apparatus,  Endosome,  Disease mutation,  Membrane, Nucleotide-binding,  Cell membrane,  Cell projection,  Magnesium,  Metal-binding,  Transmembrane helix,  Translocase, ATP-binding,  Transport,  Reference proteome,  Phosphoprotein, Transmembrane"
Q00941," Signal,  Receptor,  Membrane,  Transmembrane helix, Glycoprotein,  Reference proteome, Transmembrane"
Q01320,"Nucleus,  Topoisomerase,  Reference proteome,  Cytoplasm,  Isopeptide bond,  ATP-binding,  DNA-binding,  Magnesium,  Biological rhythms, Isomerase,  Metal-binding,  Nucleotide-binding, Ubl conjugation, Acetylation,  Phosphoprotein"
Q01514," Prenylation,  Hydrolase,  Antiviral defense,  Reference proteome, Golgi apparatus,  Cytoplasm,  Membrane, Nucleotide-binding,  Cell membrane,  Immunity,  Lipoprotein,  GTP-binding, Antimicrobial,  Secreted"
Q02566," Motor protein,  Reference proteome, Methylation, Actin-binding,  Cytoplasm, Phosphoprotein,  Calmodulin-binding,  Polymorphism,  ATP-binding,  Nucleotide-binding,  Coiled coil,  Myosin,  Thick filament,  Muscle protein"
Q02596," Direct protein sequencing,  Signal, Membrane, Cell adhesion,  Cell membrane,  Glycoprotein,  Reference proteome,  Phosphoprotein"
Q07440," Reference proteome, 3D-structure,  Cytoplasm,  Apoptosis"
Q148B6,"Alternative splicing, Reference proteome,  Cytoplasm,  Coiled coil,  Cytoskeleton"
Q149F3," Protein biosynthesis,  Cytoplasm, Nucleotide-binding, Cell cycle,  Reference proteome,  Nonsense-mediated mRNA decay,  GTP-binding"
Q14B71," Cell cycle, Alternative splicing, Nucleus,  Cell division,  Ubl conjugation,  Isopeptide bond,  Mitosis,  Reference proteome,  Phosphoprotein"
Q1H9T6," Nucleus,  Repeat,  Transcription,  Ubl conjugation, 3D-structure,  Zinc,  Alternative splicing, Zinc-finger,  DNA-binding, Isopeptide bond,  Metal-binding, Telomere,  Chromosome,  Reference proteome,  Activator,  Transcription regulation"
Q30D77," Repeat,  Signal, Secreted,  Extracellular matrix,  Glycoprotein,  Reference proteome, Collagen"
Q3TC93,"Acetylation,  Phosphoprotein,  Reference proteome"
Q3TRR0," Cell cycle, Reference proteome,  Cell division, Cytoplasm,  Alternative splicing,  Mitosis,  Coiled coil, Acetylation,  Cytoskeleton,  Phosphoprotein,  Microtubule"
Q3UCQ1," Nucleus,  Methylation, Activator, Reference proteome,  Transcription,  Cytoplasm,  Isopeptide bond,  Repressor,  Alternative splicing, Magnesium,  DNA-binding, Ubl conjugation,  Metal-binding,  Phosphoprotein,  Transcription regulation"
Q3UHD1," Signal, Cell projection,  Alternative splicing,  Immunity, Transmembrane,  Neurogenesis,  Repeat,  Receptor,  Synapse, 3D-structure,  Transmembrane helix,  Myogenesis, G-protein coupled receptor, Reference proteome,  Ubl conjugation,  Disulfide bond, Membrane,  Transducer,  Cell membrane,  Glycoprotein,  Phagocytosis,  Phosphoprotein,  Direct protein sequencing,  Innate immunity,  Cell junction,  Secreted"
Q3UHK8,"3D-structure,  Cytoplasm, RNA-mediated gene silencing,  Translation regulation,  Reference proteome,  Phosphoprotein,  RNA-binding"
Q3UP87," Signal,  Hydrolase, Disulfide bond, Serine protease,  Glycoprotein,  Reference proteome,  Protease"
Q3UR70,"Alternative splicing, Reference proteome,  Cytoplasm,  Endosome,  Transport,  Protein transport"
Q3UTZ3," Cytoskeleton,  Phosphoprotein, Cytoplasm,  Reference proteome"
Q3UW53,"Reference proteome, Cytoplasm,  Myristate,  Membrane,  Translation regulation,  Lipoprotein,  Phosphoprotein,  Stress response"
Q3UYI6,"Alternative splicing,  Developmental protein, Reference proteome, Cytoplasm,  Cilium biogenesis/degradation,  Cell projection,  Transport,  Cytoskeleton,  Protein transport"
Q3UZZ6,"Reference proteome,  Transferase, 3D-structure,  Cytoplasm,  Catecholamine metabolism,  Lipid metabolism"
Q3V079,"Reference proteome,  Cilium,  Cytoplasm, Cell projection,  Coiled coil,  Cytoskeleton"
Q497I4,"Coiled coil,  Reference proteome,  Keratin,  Intermediate filament"
Q4KL13,Reference proteome
Q504N2,"Alternative splicing, Reference proteome,  Membrane,  Ion transport,  Transmembrane,  Glycoprotein,  Transmembrane helix,  Transport"
Q50L41," Phospholipid metabolism,  Hydrolase,  Lipid degradation,  Cytoplasm,  Membrane,  Cell membrane,  Mitochondrion,  Metal-binding, Phospholipid degradation, Calcium,  Reference proteome, Lipid metabolism"
Q571F8," Reference proteome,  Hydrolase,  ANK repeat, Repeat,  Mitochondrion, Acetylation,  Transit peptide"
Q5DU05," Cell cycle, Alternative splicing, Cilium biogenesis/degradation,  Cell division, DNA damage,  Nucleus, Reference proteome,  Cytoplasm,  Mitosis,  Coiled coil,  DNA repair,  Cytoskeleton,  Phosphoprotein"
Q5EBI0," Membrane,  Transmembrane, Transmembrane helix, Antiport,  Transport,  Reference proteome,  Chloride"
Q5HZJ0,"Nucleus,  Repeat,  Hydrolase, Endonuclease, RNA-binding,  Zinc,  Ribosome biogenesis,  Magnesium,  Manganese,  Metal-binding,  Nuclease,  Reference proteome,  Phosphoprotein"
Q5PRF0,"Alternative splicing,  Phosphoprotein,  Repeat,  Reference proteome"
Q5QNV8,Reference proteome
Q5RJ54,"Alternative splicing, Reference proteome,  Nucleus,  Repeat,  Transcription,  Zinc-finger,  Isopeptide bond,  Zinc, Ubl conjugation,  Metal-binding,  Transcription regulation"
Q5RJF7,"Cone-rod dystrophy, Alternative splicing,  Ion channel,  Signal,  Disulfide bond,  Calcium transport, Ion transport,  Membrane,  Calcium channel,  Calcium,  Glycoprotein,  Metal-binding,  Transmembrane helix,  Voltage-gated channel,  Transport,  Reference proteome, Transmembrane"
Q5STT6,"Nucleus,  Reference proteome,  Phosphoprotein"
Q5SUA5," Adaptive immunity,  Reference proteome, Motor protein, Actin-binding,  Calmodulin-binding,  Membrane,  ATP-binding,  Cell projection,  Nucleotide-binding,  Immunity,  Myosin,  Lipid-binding, Cell membrane"
Q5SUD9," Reference proteome, Cell projection,  Cilium"
Q5SW75,"Reference proteome, Cytoskeleton,  Hydrolase, Actin-binding,  Cytoplasm,  Alternative splicing,  Protein phosphatase,  Cell junction,  Phosphoprotein"
Q5SX39," Motor protein,  Reference proteome, Methylation, Actin-binding,  Cytoplasm, Phosphoprotein,  Calmodulin-binding,  ATP-binding,  Nucleotide-binding,  Coiled coil,  Myosin,  Thick filament,  Muscle protein"
Q5U680,"Membrane,  S-adenosyl-L-methionine, Repeat,  Transmembrane,  Mitochondrion, Transport,  Transmembrane helix,  Mitochondrion inner membrane,  Reference proteome"
Q60604,"Reference proteome,  Repeat,  Actin-binding,  Cytoplasm,  Alternative splicing, Cell projection, Actin capping,  Calcium,  Metal-binding,  Cell junction,  Cytoskeleton,  Phosphoprotein"
Q60707,"Reference proteome,  Nucleus,  Transcription,  DNA-binding, Developmental protein,  Phosphoprotein,  Transcription regulation"
Q60795,"Transcription regulation,  Nucleus,  Transcription,  Ubl conjugation, 3D-structure,  Acetylation,  Cytoplasm,  DNA-binding,  Glycation, Glycoprotein,  Reference proteome,  Phosphoprotein,  Activator"
Q60872," Protein biosynthesis, Initiation factor,  Reference proteome"
Q60967," Kinase,  Reference proteome,  Nucleotidyltransferase, Nucleotide-binding,  ATP-binding, Acetylation,  Multifunctional enzyme, Transferase"
Q61233," Repeat,  Direct protein sequencing, Membrane,  Actin-binding,  Reference proteome,  Cytoplasm, Cell projection,  Cell membrane,  Calcium,  Metal-binding,  Cell junction, Acetylation,  Cytoskeleton,  Phosphoprotein"
Q61335,"Apoptosis,  Direct protein sequencing,  Protein transport,  Membrane,  Transmembrane helix,  Coiled coil,  Transport,  Reference proteome, ER-Golgi transport,  Endoplasmic reticulum, Transmembrane"
Q61616,"Reference proteome,  Disulfide bond,  Receptor,  Synapse,  Transducer,  Membrane,  Transmembrane,  Cell membrane,  Cell projection,  G-protein coupled receptor,  Glycoprotein, Transmembrane helix, Lipoprotein, Endoplasmic reticulum,  Palmitate,  Phosphoprotein, Cell junction"
Q62179," Neurogenesis, Reference proteome,  Signal,  Disulfide bond,  Membrane,  Transmembrane,  Glycoprotein,  Transmembrane helix,  Differentiation, Immunoglobulin domain, Developmental protein,  Phosphoprotein"
Q62205," Ion channel,  Repeat,  Disulfide bond,  Ubl conjugation, Ion transport,  Sodium channel,  Membrane, Sodium,  Transmembrane,  Cell projection, Transmembrane helix,  Voltage-gated channel,  Coiled coil,  Sodium transport,  Transport,  Reference proteome,  Phosphoprotein, Cell membrane"
Q63739," Cell cycle,  Methylation,  Prenylation,  Disulfide bond,  Reference proteome,  Lipoprotein, 3D-structure,  Cytoplasm,  Endosome,  Membrane,  Cell membrane, Developmental protein, Hydrolase,  Cytoskeleton, Protein phosphatase,  Endoplasmic reticulum"
Q64455," Repeat,  Hydrolase, Membrane,  Transmembrane,  Cell membrane,  Cell projection,  Glycoprotein,  Protein phosphatase,  Transmembrane helix,  Reference proteome,  Phosphoprotein, Cell junction, Signal"
Q64HY3,"Alternative splicing,  Nucleus, Reference proteome,  Repeat,  Transcription,  Zinc, Zinc-finger,  DNA-binding,  Metal-binding,  Phosphoprotein,  Transcription regulation"
Q66JQ7,"Kinetochore,  Nucleus,  Chromosome partition,  Cell division,  Repeat,  Mitosis, Cell cycle,  Chromosome,  Centromere,  Reference proteome,  Phosphoprotein"
Q66X05," Repeat, Nucleotide-binding,  Inflammatory response,  Leucine-rich repeat, ATP-binding,  Reference proteome"
Q69Z26," Repeat,  Cell adhesion,  Signal,  Immunoglobulin domain, Disulfide bond, 3D-structure,  Membrane,  Alternative splicing,  Cell membrane,  Glycoprotein,  GPI-anchor, Lipoprotein,  Reference proteome,  Secreted"
Q69ZJ7,"Alternative splicing,  Repeat, Membrane,  Cytoplasm,  WD repeat,  Guanine-nucleotide releasing factor,  Reference proteome,  Phosphoprotein"
Q69ZL1," Zinc-finger, Reference proteome,  Repeat,  Cytoplasm, 3D-structure, Guanine-nucleotide releasing factor,  Alternative splicing,  Zinc,  Metal-binding,  Cytoskeleton,  Phosphoprotein"
Q69ZM6,"Alternative splicing,  Developmental protein,  Kinase,  Nucleus, Cytoplasm, Serine/threonine-protein kinase,  Transferase, Nucleotide-binding,  Cilium biogenesis/degradation,  ATP-binding,  Magnesium,  Metal-binding,  Reference proteome"
Q6A025,"Nucleus,  Reference proteome,  Phosphoprotein,  Protein phosphatase inhibitor"
Q6A068," Cell cycle, DNA damage,  Nucleus,  Repeat, Activator,  Direct protein sequencing,  Spliceosome,  Transcription,  Cytoplasm, RNA-binding,  Isopeptide bond,  mRNA processing, Ubl conjugation,  DNA-binding,  Coiled coil, mRNA splicing,  DNA repair,  Reference proteome,  Phosphoprotein,  Transcription regulation"
Q6IQX7,"Alternative splicing,  Golgi apparatus,  Cytoplasm,  Membrane,  Transmembrane,  Mitochondrion,  Glycoprotein, Metal-binding,  Transmembrane helix,  Signal-anchor,  Reference proteome, Transferase"
Q6NVD0,"Alternative splicing, Reference proteome,  Repeat,  Cell adhesion,  Signal,  Membrane,  Transmembrane,  Cell membrane,  Calcium,  Glycoprotein,  Metal-binding,  Transmembrane helix, Developmental protein"
Q6NXW6," Cell cycle,  Developmental protein,  Nucleus,  DNA damage, Nucleotide-binding, ATP-binding,  Reference proteome,  Phosphoprotein"
Q6P1C6," Developmental protein,  Repeat,  Signal, Membrane,  Immunoglobulin domain, Disulfide bond, 3D-structure,  Transmembrane,  Cell membrane,  Glycoprotein,  Leucine-rich repeat, Transmembrane helix,  Cytoplasmic vesicle,  Reference proteome"
Q6PCN3,"Reference proteome,  Kinase,  Transferase,  Cytoplasm,  Nucleotide-binding, ATP-binding,  Phosphoprotein,  Serine/threonine-protein kinase"
Q6PDC8,"Alternative splicing,  Membrane,  Transmembrane, Transmembrane helix,  Transport,  Reference proteome"
Q6PGF7,"Reference proteome,  Cytoplasm, Cell projection,  Transport,  Exocytosis,  Phosphoprotein,  Protein transport"
Q6PIJ4," Nucleus, Transcription,  Ubl conjugation,  Reference proteome,  DNA damage,  DNA-binding, Isopeptide bond,  DNA repair, Acetylation,  Phosphoprotein,  DNA recombination,  Transcription regulation"
Q6Q2Z6," Serine esterase, Reference proteome, Fatty acid metabolism,  Hydrolase,  Peroxisome,  Lipid metabolism"
Q6Q473,"Alternative splicing,  Metalloprotease, Protease,  Signal,  Hydrolase,  Reference proteome,  Membrane,  Transmembrane,  Cell membrane, Transmembrane helix,  Zinc,  Metal-binding, Glycoprotein,  Transport,  Autocatalytic cleavage,  Chloride,  Secreted"
Q6T264," Nucleus, Reference proteome,  Transcription,  Notch signaling pathway, Acetylation,  Phosphoprotein,  Activator,  Transcription regulation"
Q6VH22," Methylation,  Ubl conjugation,  Reference proteome,  Cilium,  Isopeptide bond, Repeat,  Alternative splicing,  WD repeat,  Cell projection,  TPR repeat, Developmental protein, Acetylation"
Q6W8Q3," Reference proteome, Phosphoprotein"
Q6X1Y6,"Alternative splicing, Reference proteome,  Ion channel,  Disulfide bond,  Cytoplasm,  Sodium channel,  Membrane,  Ion transport,  Cell membrane,  Transmembrane helix,  Sodium transport, Glycoprotein,  Transport,  Phosphoprotein,  Sodium, Transmembrane"
Q6ZPS2,"Alternative splicing, Nucleotide-binding,  ATP-binding,  Ligase,  Manganese,  Metal-binding,  Reference proteome"
Q6ZPY7," Zinc-finger,  Nucleus, Reference proteome,  Transcription,  Iron,  Chromatin regulator,  Dioxygenase,  Zinc,  Alternative splicing, Ubl conjugation, Isopeptide bond,  Metal-binding, Acetylation,  Oxidoreductase,  Phosphoprotein,  Transcription regulation"
Q6ZWM4," mRNA splicing,  Nucleus, Ribonucleoprotein,  Spliceosome,  Reference proteome,  mRNA processing, Acetylation,  RNA-binding"
Q78RX3," Transmembrane helix,  Reference proteome,  Transmembrane, Membrane"
Q7M6U3," Cell cycle, Alternative splicing,  Cell division,  Repeat,  Cytoplasm,  ANK repeat,  Kinetochore, Nucleotide-binding,  ATP-binding,  Mitosis, Centromere,  Chromosome,  Reference proteome,  Phosphoprotein"
Q7TQI7,"ANK repeat,  Repeat,  Reference proteome"
Q7TS48," Disulfide bond, Membrane,  Receptor,  Sensory transduction,  Transmembrane,  Olfaction,  Glycoprotein,  G-protein coupled receptor,  Transmembrane helix,  Reference proteome, Transducer, Cell membrane"
Q7TSF0,"Alternative splicing, Reference proteome,  Repeat,  Cell adhesion,  Signal,  Membrane,  Transmembrane,  Cell membrane,  Calcium,  Glycoprotein,  Metal-binding,  Cell junction,  Transmembrane helix, Cleavage on pair of basic residues"
Q7TSU7,"Alternative splicing,  Signal,  Disulfide bond, Repeat,  Membrane,  Transmembrane,  Cell membrane,  Glycoprotein,  Transmembrane helix, Immunoglobulin domain,  Reference proteome,  Phosphoprotein"
Q80TA6,"Alternative splicing,  Cytoplasm, Sarcoplasmic reticulum,  Reference proteome,  Phosphoprotein"
Q80WE4," Cell cycle, Alternative splicing, Mitosis,  Cell division,  Motor protein,  Nucleus,  Reference proteome,  Oncogene,  Cytoplasm, Phosphoprotein, Cell projection,  ATP-binding,  Nucleotide-binding,  Coiled coil,  Cytoskeleton,  Microtubule"
Q80X44,"Transcription regulation,  Zinc-finger,  Nucleus,  Repeat,  Direct protein sequencing,  Transcription, 3D-structure,  Zinc,  Alternative splicing,  DNA-binding, Metal-binding,  Reference proteome"
Q80X91,Reference proteome
Q80ZI2," Membrane, Transmembrane helix,  Transmembrane,  Reference proteome, Cell membrane"
Q810D6," Nucleus,  Repeat,  WD repeat, Chromosome,  Reference proteome,  Phosphoprotein"
Q8BFR4,"Reference proteome,  Signal,  Lysosome,  Hydrolase,  Glycoprotein,  Metal-binding, Calcium,  Phosphoprotein"
Q8BFW4," Zinc-finger,  Reference proteome, Phosphoprotein,  Zinc,  Alternative splicing,  Metal-binding,  Coiled coil, Acetylation"
Q8BFZ2,"Alternative splicing, Reference proteome,  Membrane,  Transmembrane,  Glycoprotein,  Transmembrane helix,  Phosphoprotein"
Q8BG16,"Neurotransmitter transport,  Membrane,  Ion transport,  Transmembrane,  Glycoprotein, Amino-acid transport, Sodium transport,  Transmembrane helix,  Symport,  Transport,  Reference proteome,  Phosphoprotein,  Sodium"
Q8BG36,"Transcription regulation,  Transcription,  Nucleus,  Zinc, DNA-binding,  Metal-binding,  Reference proteome"
Q8BG48,"Apoptosis,  Kinase,  Nucleus, Serine/threonine-protein kinase,  Transferase,  Membrane, Nucleotide-binding,  Cell membrane,  ATP-binding,  Reference proteome,  Phosphoprotein"
Q8BGT5," Reference proteome,  Pyridoxal phosphate, Acetylation,  Aminotransferase, Transferase"
Q8BH01,"Alternative splicing,  Antiport,  Signal, Membrane,  Ion transport,  Transmembrane,  Glycoprotein,  Transmembrane helix, Transport,  Coiled coil,  Reference proteome"
Q8BH49,"Reference proteome,  Golgi apparatus,  Endosome, Cytoplasmic vesicle,  Phosphoprotein"
Q8BHJ6," Innate immunity, Antiviral defense,  Membrane,  Phospholipid biosynthesis,  Cell membrane,  Glycoprotein, Lipid biosynthesis, Phospholipid metabolism,  Transmembrane, Transmembrane helix,  Immunity,  Reference proteome,  Lipid metabolism"
Q8BI79,"Alternative splicing,  Primary ciliary dyskinesia, Cytoplasm,  Cilium,  Ciliopathy,  Cell projection,  Coiled coil,  Reference proteome,  Phosphoprotein"
Q8BI99," Zinc-finger,  Nucleus,  Repeat, Transcription,  Zinc, DNA-binding,  Metal-binding,  Reference proteome,  Transcription regulation"
Q8BIJ7,"Coiled coil,  Zinc-finger,  Endocytosis,  Cytoplasm,  Endosome,  Membrane, Transport,  Zinc, Metal-binding,  Reference proteome,  Phosphoprotein,  Lipid-binding,  Protein transport"
Q8BJQ2," Nucleus,  Hydrolase,  DNA damage, Autocatalytic cleavage,  Thiol protease, Phosphoprotein, Ubl conjugation,  DNA repair,  Ubl conjugation pathway,  Reference proteome,  Protease"
Q8BKX6," Nucleus,  Kinase,  Reference proteome,  DNA damage,  Cytoplasm, Phosphoprotein, Direct protein sequencing,  Alternative splicing,  ATP-binding,  Manganese, Metal-binding,  Nucleotide-binding,  DNA repair, Acetylation,  Nonsense-mediated mRNA decay,  Serine/threonine-protein kinase, Transferase"
Q8BL74,"Nucleus,  Transcription,  Repeat,  Reference proteome,  Phosphoprotein, WD repeat"
Q8BMB3," Ubl conjugation,  Reference proteome,  Cytoplasm,  Isopeptide bond, RNA-mediated gene silencing,  Translation regulation, Acetylation,  Phosphoprotein, Protein biosynthesis,  Initiation factor,  RNA-binding"
Q8BND3,"Cilium biogenesis/degradation, Alternative splicing,  Reference proteome,  Cilium,  Cytoplasm, Repeat,  WD repeat,  Cell projection,  Cytoskeleton"
Q8BP56,"Alternative splicing,  Reference proteome,  Hydrolase,  Glycosidase"
Q8BPM0,"Cytoplasm,  Reference proteome, Wnt signaling pathway, Actin-binding,  Alternative splicing,  Cell projection,  Coiled coil,  Cytoskeleton,  Phosphoprotein"
Q8BTH8,"Reference proteome,  Kinase, Wnt signaling pathway,  Transferase,  Cytoplasm,  Nucleotide-binding, ATP-binding,  Phosphoprotein,  Serine/threonine-protein kinase"
Q8BU33,"Alternative splicing,  Thiamine pyrophosphate, Phosphoprotein,  Membrane,  Transmembrane, Transmembrane helix,  Magnesium,  Lyase,  Metal-binding,  Reference proteome, Lipid metabolism,  Fatty acid metabolism,  Endoplasmic reticulum"
Q8BWQ6,"Alternative splicing,  Endosome,  Membrane,  Transmembrane, Transport,  Transmembrane helix,  Reference proteome, Protein transport,  Phosphoprotein"
Q8BWW9," Cell adhesion,  Transferase,  Alternative splicing,  Nucleotide-binding, Acetylation,  Cytoskeleton, Transcription regulation,  Repeat,  Membrane,  Coiled coil,  Serine/threonine-protein kinase, Reference proteome,  Cell division,  Transcription,  ATP-binding,  Cell projection,  Phosphoprotein, Cilium biogenesis/degradation,  Nucleus,  Cytoplasm,  Cell junction, Cell cycle,  Apoptosis, Kinase"
Q8BXJ8,"Alternative splicing, Reference proteome,  Nucleus,  Repeat,  Zinc-finger,  Zinc,  Metal-binding,  Apoptosis"
Q8BZ47," Developmental protein,  Nucleus, Activator, Transcription,  Ubl conjugation,  Isopeptide bond,  Zinc,  Alternative splicing, Zinc-finger, Metal-binding,  Myogenesis,  Reference proteome,  Phosphoprotein,  Transcription regulation"
Q8BZW2,"ANK repeat,  Phosphoprotein,  Repeat,  Reference proteome"
Q8C0C4,"Alternative splicing,  Coiled coil,  Reference proteome"
Q8C1M2," Zinc-finger,  Zinc, Metal-binding,  Reference proteome,  Phosphoprotein"
Q8C1Y8," Lysosome,  Reference proteome, Phosphoprotein,  Membrane,  Guanine-nucleotide releasing factor, Acetylation"
Q8C3X2,"Alternative splicing, Reference proteome,  Membrane,  Transmembrane,  Mitochondrion,  Transmembrane helix,  Coiled coil,  Transit peptide"
Q8C650," Cell cycle, Alternative splicing,  Cell division,  Reference proteome,  Cytoplasm,  Nucleotide-binding, GTP-binding,  Cytoskeleton,  Phosphoprotein"
Q8C6M1," Zinc-finger,  Endocytosis,  Repeat, Cytoplasm,  Hydrolase,  Reference proteome,  Thiol protease, Phosphoprotein,  Zinc, Ubl conjugation,  Metal-binding,  Ubl conjugation pathway,  Cytoskeleton,  Protease"
Q8C7N7,"Alternative splicing, Reference proteome,  Notch signaling pathway,  Membrane,  Transmembrane,  Transmembrane helix"
Q8C8C1," Membrane, Transmembrane helix,  Transmembrane,  Reference proteome, Cell membrane"
Q8CAF4,"Alternative splicing,  Phosphoprotein,  Reference proteome"
Q8CCS6," Nucleus,  Methylation,  Reference proteome,  Cytoplasm,  Alternative splicing, mRNA processing,  Coiled coil, Acetylation,  Phosphoprotein,  RNA-binding"
Q8CCT4,"Nucleus,  Reference proteome,  Transcription,  Transcription regulation"
Q8CD10,"Reference proteome,  Repeat,  Disulfide bond, 3D-structure,  Mitochondrion,  Phosphoprotein,  Transit peptide"
Q8CF25,Reference proteome
Q8CF89," Reference proteome, 3D-structure,  Phosphoprotein,  Ubl conjugation"
Q8CFI7," Zinc-finger,  Nucleus,  Methylation, Transcription,  Transferase, DNA-directed RNA polymerase,  Zinc,  Magnesium,  Metal-binding,  Reference proteome,  Phosphoprotein, Nucleotidyltransferase"
Q8CGE9," GTPase activation,  Methylation,  Nucleus,  Ubl conjugation,  Synapse,  Cytoplasm, Repeat,  Cell projection, Isopeptide bond,  Reference proteome,  Phosphoprotein, Cell junction"
Q8CGR5," Zymogen,  Signal,  Hydrolase, Disulfide bond, Serine protease,  Reference proteome,  Protease,  Secreted"
Q8CJI4,"Nucleus,  Developmental protein,  DNA condensation, Differentiation,  DNA-binding, ATP-binding,  Coiled coil,  Nucleotide-binding,  Spermatogenesis,  Chromosome,  Reference proteome,  Phosphoprotein"
Q8K207," Reference proteome, Phosphoprotein"
Q8K402,"Transcription regulation,  Nucleus,  Transcription, DNA-binding,  Reference proteome"
Q8K4Q0,"Alternative splicing, Reference proteome,  Repeat,  Lysosome,  Cytoplasm,  WD repeat,  Phosphoprotein"
Q8R0I0,"Alternative splicing,  Carboxypeptidase,  Signal,  Hydrolase,  Cytoplasm, Disulfide bond,  Membrane,  Zinc,  Cell membrane,  Glycoprotein,  Transmembrane helix,  Metal-binding,  Reference proteome, Metalloprotease,  Chloride, Transmembrane,  Protease,  Secreted"
Q8R0V5,"Reference proteome,  Iron,  Heme,  Tryptophan catabolism,  Metal-binding,  Immunity,  Oxidoreductase, Dioxygenase"
Q8R2N0,"Transcription regulation, Alternative splicing,  Nucleus,  Transcription,  Reference proteome"
Q8R3I2," Transferase,  Membrane,  Alternative splicing,  Phospholipid biosynthesis, Lipid biosynthesis, Phospholipid metabolism,  Transmembrane, Transmembrane helix, Acyltransferase,  Reference proteome,  Endoplasmic reticulum,  Lipid metabolism"
Q8VC56,"DNA damage,  Nucleus,  Cell division, Reference proteome,  Ubl conjugation,  Zinc-finger,  Transferase,  Chromatin regulator,  Cytoplasm,  Zinc,  Mitosis,  Metal-binding, Cell cycle,  DNA repair,  Chromosome, Ubl conjugation pathway,  Phosphoprotein,  Telomere"
Q8VCB2," Nucleus,  Methylation, Activator, Transcription,  Alternative splicing,  Reference proteome,  Transcription regulation"
Q8VD26,"Alternative splicing,  Membrane,  Transmembrane helix,  Reference proteome,  Phosphoprotein, Transmembrane"
Q8VD46," Developmental protein,  Repeat, ANK repeat,  Cytoplasm, Phosphoprotein,  RNA-mediated gene silencing,  Differentiation,  Meiosis, Spermatogenesis,  Reference proteome"
Q8VDW0," mRNA splicing,  Nucleus,  Reference proteome,  Helicase,  Cytoplasm,  Isopeptide bond,  Alternative splicing,  ATP-binding,  mRNA processing, Nucleotide-binding, Ubl conjugation, Hydrolase, Acetylation,  Phosphoprotein"
Q8VE22," Reference proteome,  Mitochondrion,  Ribonucleoprotein, Ribosomal protein, Acetylation"
Q8VE73,"Alternative splicing,  Golgi apparatus,  Ubl conjugation,  Reference proteome,  Cytoplasm, Isopeptide bond,  Cytoskeleton, Ubl conjugation pathway"
Q8VHJ5," Reference proteome, Serine/threonine-protein kinase,  Transferase,  Wnt signaling pathway,  Cytoplasm,  Membrane, Nucleotide-binding,  Cell membrane,  Cell projection,  Magnesium,  Metal-binding, ATP-binding,  Cytoskeleton,  Phosphoprotein,  Lipid-binding, Kinase"
Q8VI47," Repeat, Phosphoprotein,  Membrane,  Transmembrane,  Cell membrane,  Glycoprotein, Transmembrane helix,  Nucleotide-binding,  Translocase, ATP-binding,  Transport,  Reference proteome"
Q8VIM6," Signal,  Cilium,  Hearing, Cell projection,  Glycoprotein,  Reference proteome"
Q91VJ4," Nucleus,  Kinase,  Ubl conjugation,  Reference proteome, Serine/threonine-protein kinase,  Transferase,  Cytoplasm, Nucleotide-binding,  ATP-binding,  Magnesium,  Metal-binding, Acetylation,  Phosphoprotein"
Q91VY9," Zinc-finger,  Nucleus, Reference proteome,  Repeat,  Cytoplasm,  Zinc,  Metal-binding, Acetylation,  Phosphoprotein"
Q91W69,"Reference proteome,  Repeat, Cytoplasm,  Lipid-binding,  Cytoplasmic vesicle,  Phosphoprotein"
Q91WA1," Nucleus,  Cell division,  DNA damage,  Cytoplasm, Phosphoprotein,  Mitosis, Cell cycle,  Reference proteome"
Q91WU5,"Cytoplasm,  Transferase,  Methyltransferase, S-adenosyl-L-methionine,  Reference proteome,  Phosphoprotein"
Q91XQ6,"Reference proteome,  Lysosome,  Endosome,  Membrane,  Transmembrane, Ubl conjugation,  Cell projection,  Transmembrane helix,  Transport, Cell membrane"
Q91Z49,"Nucleus,  mRNA transport,  Reference proteome,  Isopeptide bond,  Alternative splicing, Ubl conjugation,  Transport, Acetylation,  Phosphoprotein,  RNA-binding"
Q91ZB0,"Reference proteome,  Kinase,  Repeat,  Disulfide bond,  Immunoglobulin domain,  Transferase,  Membrane, Cell membrane,  Serine/threonine-protein kinase"
Q920A7,"Alternative splicing,  Metalloprotease, Reference proteome,  Direct protein sequencing, Membrane,  Hydrolase,  Transmembrane,  ATP-binding,  Mitochondrion,  Transmembrane helix,  Metal-binding,  Nucleotide-binding, Zinc,  Protease,  Transit peptide, Mitochondrion inner membrane"
Q921M4," Cell cycle, Alternative splicing,  Golgi apparatus,  Cell division,  Methylation, Cytoskeleton,  Cytoplasm, Phosphoprotein,  Membrane,  Mitosis,  Coiled coil,  Transport,  Reference proteome,  Microtubule,  Protein transport"
Q922K9," SH3 domain,  Nucleus,  Kinase,  Transferase,  Tyrosine-protein kinase, 3D-structure,  Cytoplasm, Phosphoprotein,  SH2 domain,  ATP-binding,  Nucleotide-binding, Tumor suppressor,  Reference proteome"
Q924A2,"Transcription regulation,  Nucleus,  Methylation,  Transcription,  Reference proteome, Phosphoprotein,  Repressor,  Alternative splicing,  DNA-binding, Acetylation"
Q925N1," Reference proteome,  Membrane,  Transmembrane,  Mitochondrion, Transmembrane helix,  Transport, Acetylation,  Amino-acid transport, Mitochondrion inner membrane"
Q99JR5," Signal, Disulfide bond,  Glycoprotein,  Reference proteome,  Secreted"
Q99JW5,"Reference proteome,  Repeat,  Signal,  Disulfide bond,  Tight junction,  Membrane,  Transmembrane,  Cell membrane,  Glycoprotein, Transmembrane helix, Cell junction"
Q99KK2," Nucleus,  Methylation,  Transferase, 3D-structure,  Acetylation,  Alternative splicing,  Reference proteome, Nucleotidyltransferase"
Q99KU6," Golgi apparatus, Cytoplasm, Signal-anchor,  Membrane,  Transmembrane,  Glycoprotein,  Transmembrane helix,  Reference proteome"
Q99LI7," Nucleus, Reference proteome,  Repeat, 3D-structure,  Acetylation,  mRNA processing,  Phosphoprotein"
Q99MD9," Cell cycle,  Nucleus,  Repeat,  Reference proteome,  Cytoplasm, DNA replication,  Isopeptide bond,  Alternative splicing, Ubl conjugation,  TPR repeat,  Coiled coil,  Transport, Acetylation, Protein transport,  Phosphoprotein"
Q99MI6,"Reference proteome,  Membrane,  Transmembrane,  Transmembrane helix,  Nucleotide-binding, Endoplasmic reticulum,  GTP-binding"
Q99MV7," Zinc-finger,  Developmental protein,  Nucleus, Reference proteome,  Repeat,  Cytoplasm, Differentiation,  Zinc,  Alternative splicing,  Metal-binding,  Spermatogenesis, Acetylation,  Phosphoprotein"
Q99N57,"Nucleus, Alternative splicing,  Zinc-finger,  Kinase,  Methylation, Membrane, Serine/threonine-protein kinase,  Transferase,  Cytoplasm,  Zinc,  Cell membrane,  ATP-binding,  Mitochondrion,  Metal-binding,  Nucleotide-binding,  Reference proteome,  Phosphoprotein,  Proto-oncogene"
Q99N80,"Repeat,  Membrane,  Exocytosis,  Reference proteome,  Phosphoprotein, Cell membrane"
Q99N96," Ribonucleoprotein, Ribosomal protein,  Reference proteome,  Phosphoprotein, Mitochondrion,  Transit peptide"
Q99PP2," Nucleus,  Repeat, Activator, Repressor,  Transcription,  Ubl conjugation,  Isopeptide bond,  Zinc,  Alternative splicing, Zinc-finger, Metal-binding,  Coiled coil,  Meiosis,  Reference proteome,  Phosphoprotein,  Transcription regulation"
Q9CQ26,"Nucleus,  Metalloprotease,  Ubl conjugation, Cytoplasm,  Hydrolase,  Endosome,  Membrane,  Zinc,  Metal-binding,  Reference proteome, Ubl conjugation pathway,  Phosphoprotein,  Protease"
Q9CQ56,"Alternative splicing,  Protein transport,  Membrane,  Transmembrane helix,  Coiled coil,  Transport,  Reference proteome, ER-Golgi transport,  Endoplasmic reticulum, Transmembrane"
Q9CQQ8," mRNA splicing,  Nucleus, Ribonucleoprotein,  Spliceosome,  Reference proteome,  mRNA processing, Acetylation,  RNA-binding"
Q9CUU3," Cell cycle,  Nucleus,  Cell division, 3D-structure, DNA-binding,  Coiled coil,  Meiosis,  Chromosome,  Reference proteome,  Phosphoprotein"
Q9CWR0,"Alternative splicing,  Cytoplasm,  Membrane, Guanine-nucleotide releasing factor,  Cell membrane,  Reference proteome"
Q9CX66," Reference proteome, Phosphoprotein"
Q9D023,"Reference proteome,  Membrane,  Transmembrane,  Mitochondrion,  Transmembrane helix,  Mitochondrion inner membrane,  Transport, Acetylation"
Q9D0L1,"Coiled coil,  Zinc-finger, Reference proteome,  Wnt signaling pathway,  Cytoplasm,  Membrane,  Zinc,  Metal-binding,  Phosphoprotein,  Secreted"
Q9D0L7,"Alternative splicing,  Growth regulation, Phosphoprotein,  Membrane,  Transmembrane,  Transmembrane helix,  Reference proteome,  Endoplasmic reticulum"
Q9D0M1,"Acetylation,  Phosphoprotein,  Nucleotide biosynthesis,  Reference proteome"
Q9D0Q7,"Transit peptide,  Ribonucleoprotein,  Ribosomal protein,  Reference proteome, Mitochondrion"
Q9D132,"Disulfide bond,  Membrane,  Transmembrane, Transmembrane helix,  Glycoprotein,  Reference proteome"
Q9D258,"Lipid-binding,  Reference proteome"
Q9D305," Zinc-finger,  Zinc, DNA-binding,  Metal-binding,  Reference proteome"
Q9D3S9,"Alternative splicing,  Carboxypeptidase, Reference proteome,  Signal,  Zymogen,  Hydrolase,  Glycoprotein,  Protease"
Q9D6K7,"Alternative splicing,  Repeat, TPR repeat,  Reference proteome,  Phosphoprotein"
Q9D6K8,Reference proteome
Q9D7V9,"Reference proteome,  Zymogen,  Signal,  Lysosome,  Lipid degradation, 3D-structure,  Membrane,  Glycoprotein, Hydrolase,  Autocatalytic cleavage,  Fatty acid metabolism,  Lipid metabolism"
Q9D8N2," Reference proteome,  Guanine-nucleotide releasing factor, Endosome"
Q9D994,"Reference proteome,  Repeat,  WD repeat"
Q9D9D8," Nucleus, Reference proteome, Cytoplasm,  Hydrolase,  Membrane,  Mitochondrion,  Protein phosphatase, Mitochondrion inner membrane"
Q9D9T8," Cytoskeleton,  Repeat, Cytoplasm,  Reference proteome"
Q9DB60," NADP,  Fatty acid biosynthesis, Prostaglandin biosynthesis, Cytoplasm,  Prostaglandin metabolism, Lipid biosynthesis,  Reference proteome,  Oxidoreductase,  Phosphoprotein,  Fatty acid metabolism,  Lipid metabolism"
Q9EPQ8," Nucleus,  Methylation, Transcription,  Ubl conjugation,  Reference proteome,  Isopeptide bond,  Zinc,  Alternative splicing, Zinc-finger,  DNA-binding, Metal-binding, Acetylation,  Phosphoprotein,  Activator,  Transcription regulation"
Q9EQS3,"Transcription regulation,  Transcription,  Nucleus, Cytoplasm,  Reference proteome"
Q9ESG8,"Reference proteome,  DNA damage,  Transferase,  Membrane,  Transmembrane,  Transmembrane helix,  Apoptosis, Acyltransferase,  Endoplasmic reticulum"
Q9JHJ0," Reference proteome, Actin-binding,  Cytoplasm,  Cytoskeleton,  Phosphoprotein"
Q9JIS8,"Potassium transport,  Potassium,  Membrane, Chloride,  Ion transport,  Glycoprotein,  Transmembrane, Transmembrane helix,  Symport,  Transport,  Reference proteome,  Phosphoprotein"
Q9JIW9," Cell cycle, Apoptosis,  Cell division,  Methylation,  Reference proteome,  Membrane,  Cell membrane, Prenylation,  Nucleotide-binding, Hydrolase,  Lipoprotein,  GTP-binding"
Q9JJ80,"Nucleus,  Reference proteome,  Ribosome biogenesis"
Q9JJA2,"Golgi apparatus,  Membrane, Transport,  Reference proteome,  Protein transport"
Q9JJZ9," cGMP-binding,  Ion channel, Sensory transduction,  Membrane,  Ion transport,  Transmembrane,  Glycoprotein,  Transmembrane helix,  Nucleotide-binding, Vision, cGMP,  Transport,  Reference proteome, Ligand-gated ion channel"
Q9JL60," Nucleus, Reference proteome,  Transcription,  Cytoplasm,  Zinc,  DNA-binding,  Metal-binding,  Coiled coil, Acetylation,  Transcription regulation"
Q9JLI6," Direct protein sequencing,  Pyridoxal phosphate,  Reference proteome,  Cytoplasm, Lyase,  Alternative splicing, Acetylation,  Phosphoprotein, Transferase"
Q9QUN3,"SH2 domain, 3D-structure,  Cytoplasm,  Membrane, Direct protein sequencing,  Cell membrane,  B-cell activation,  Reference proteome,  Phosphoprotein"
Q9QWR8," Glycosidase,  Signal,  Lysosome,  Hydrolase, Disulfide bond, Phosphoprotein,  Glycoprotein,  Reference proteome"
Q9QY30," Repeat,  Endosome,  Membrane, Nucleotide-binding,  Cell membrane,  Glycoprotein, Translocase,  Transmembrane,  Transmembrane helix, Ubl conjugation,  Transport, ATP-binding,  Reference proteome,  Phosphoprotein"
Q9QY81," Nucleus, Reference proteome,  Signal,  mRNA transport, Nuclear pore complex,  Membrane,  Transmembrane, Transmembrane helix,  Glycoprotein,  Translocation,  Transport, Endoplasmic reticulum,  Phosphoprotein,  Protein transport"
Q9QZ67,"Nucleus,  Hydrolase,  Cytoplasm,  Magnesium,  Manganese,  Metal-binding,  Protein phosphatase, Cell cycle,  Reference proteome,  Phosphoprotein"
Q9R0A1," Ion channel,  Repeat,  Reference proteome, Ion transport,  Membrane,  Cell membrane,  Voltage-gated channel,  Transmembrane helix, CBS domain,  Transport,  Chloride channel,  Phosphoprotein,  Chloride, Transmembrane"
Q9R0H0,"Reference proteome, Flavoprotein,  Alternative splicing,  FAD,  Peroxisome, Acetylation,  Oxidoreductase,  Phosphoprotein,  Fatty acid metabolism,  Lipid metabolism"
Q9R0L7," Zinc-finger,  Nucleus,  Repeat,  Direct protein sequencing, Transcription,  Reference proteome, Methylation,  Cytoplasm,  Zinc,  Metal-binding, Acetylation,  Phosphoprotein,  Transcription regulation"
Q9R1K9," Nuclear pore complex,  Calcium,  DNA repair,  Reference proteome, Acetylation,  Cytoskeleton, mRNA transport,  Cell cycle, DNA damage,  Repeat,  Isopeptide bond, Ubl conjugation,  Mitosis,  Metal-binding,  Cell division,  Translocation,  Transport,  Phosphoprotein,  Nucleus,  Cytoplasm, Protein transport"
Q9WTU6,"Alternative splicing,  Nucleus,  Kinase, Serine/threonine-protein kinase,  Transferase,  Cytoplasm, Nucleotide-binding,  ATP-binding,  Biological rhythms,  Reference proteome,  Phosphoprotein"
Q9WUN8,"Transcription regulation,  Nucleus,  Transcription, DNA-binding,  Homeobox,  Reference proteome"
Q9WVF7," Zinc-finger,  Nucleus,  Iron-sulfur,  Hydrolase,  DNA damage,  Iron, DNA-directed DNA polymerase,  Reference proteome,  Zinc,  DNA-binding,  Metal-binding,  DNA repair,  DNA replication,  Phosphoprotein, Nucleotidyltransferase, 4Fe-4S, Transferase"
Q9WVL2," Nucleus, Reference proteome, Activator,  Transcription,  Cytoplasm,  SH2 domain, Ubl conjugation,  DNA-binding,  Phosphoprotein,  Transcription regulation"
Q9Z0E2," Repeat,  Glycoprotein, Developmental protein, Signal,  Reference proteome,  Secreted"
Q9Z0H7,"Reference proteome,  Cytoplasm,  Membrane,  Immunity,  Apoptosis,  Tumor suppressor, Acetylation,  Phosphoprotein"
Q9Z0L3,"Alternative splicing,  Repeat,  Direct protein sequencing,  Disulfide bond,  Signal,  Calcium,  Metal-binding, Glycoprotein,  Reference proteome,  Secreted"
Q9Z1T6," Zinc-finger,  Kinase,  Reference proteome,  Transferase, Phosphoprotein,  Membrane, Endosome,  Alternative splicing,  ATP-binding,  Zinc,  Metal-binding,  Nucleotide-binding,  Cytoplasmic vesicle, Acetylation"
Q9Z207,"Coiled coil,  Nucleus,  Ubl conjugation,  Cytoplasm, Repeat,  Reference proteome,  Phosphoprotein"
Q9Z275,"Sensory transduction,  Reference proteome,  Cytoplasm,  Retinol-binding,  Transport, Acetylation,  Vision"
Q9Z2I4,"Alternative splicing,  Developmental protein,  Repeat,  Signal,  Receptor, Neurogenesis,  Immunoglobulin domain, Disulfide bond,  Membrane,  Glycoprotein,  Transmembrane helix,  Differentiation,  Reference proteome,  Phosphoprotein,  Chemotaxis, Transmembrane"
Q9Z315,"Coiled coil,  mRNA splicing,  Nucleus,  Spliceosome,  Ubl conjugation, Phosphoprotein,  Isopeptide bond,  mRNA processing,  Reference proteome"
W8DXL4," Signal,  Disulfide bond,  Sensory transduction, Repeat,  Membrane, Cell projection,  Transmembrane,  Glycoprotein,  Leucine-rich repeat,  Transmembrane helix, Vision, Immunoglobulin domain,  Reference proteome,  Endoplasmic reticulum"
P68510," Direct protein sequencing, 3D-structure,  Acetylation, Phosphoprotein,  Cytoplasm,  Reference proteome"
Q99L13," Reference proteome,  Mitochondrion,  Branched-chain amino acid catabolism, Oxidoreductase,  NAD, Acetylation,  Transit peptide"
Q8BFZ3,"Reference proteome,  Cytoplasm,  Nucleotide-binding, ATP-binding,  Cytoskeleton,  Oxidation"
Q9CZS1," Reference proteome, Transit peptide,  Mitochondrion,  NAD, Acetylation,  Oxidoreductase"
Q9DB20," Direct protein sequencing,  Reference proteome,  Membrane,  Ion transport,  Mitochondrion, Transport, Hydrogen ion transport,  ATP synthesis, Acetylation,  Transit peptide, Mitochondrion inner membrane"
Q9WUD1," Nucleus,  Repeat,  DNA damage,  Transferase, 3D-structure,  Cytoplasm,  Isopeptide bond, Phosphoprotein, Ubl conjugation,  TPR repeat,  DNA repair,  Ubl conjugation pathway,  Reference proteome"
Q68FD5," Cell cycle, Reference proteome,  Cell division,  Repeat, Coated pit, 3D-structure,  Acetylation,  Cytoplasm,  Membrane, Direct protein sequencing,  Mitosis,  Cytoplasmic vesicle,  Cytoskeleton,  Phosphoprotein,  Autophagy"
Q3U5Q7," Kinase,  Transferase,  Mitochondrion,  Nucleotide-binding,  Coiled coil, ATP-binding,  Reference proteome, Pyrimidine biosynthesis,  Transit peptide"
Q5M8N0,Reference proteome
Q5XJY5," Golgi apparatus, Protein transport, 3D-structure,  Acetylation,  Cytoplasm,  Membrane,  Cytoplasmic vesicle,  Transport,  Reference proteome,  Phosphoprotein, ER-Golgi transport"
Q9Z0Y1," Cell cycle, Coiled coil, Reference proteome,  Cell division,  Cytoplasm,  Kinetochore,  Mitosis,  Chromosome,  Centromere, Acetylation,  Cytoskeleton"
Q9R0P5,"Reference proteome,  Ubl conjugation,  Direct protein sequencing,  Actin-binding, Acetylation,  Phosphoprotein"
Q9CZR8," Protein biosynthesis, Reference proteome,  Mitochondrion,  Phosphoprotein, Elongation factor,  Transit peptide"
Q8K0E8," Signal,  Disulfide bond,  Innate immunity, Secreted, Adaptive immunity,  Coiled coil, Glycoprotein,  Hemostasis,  Immunity,  Reference proteome,  Blood coagulation"
P29391," Iron storage, Reference proteome,  Direct protein sequencing,  Iron, 3D-structure,  Metal-binding"
P49945," Reference proteome,  Iron storage, Iron,  Metal-binding"
P18872,"Reference proteome,  Transducer, 3D-structure,  Membrane, Direct protein sequencing,  Alternative splicing,  Cell membrane,  Magnesium, Metal-binding,  Myristate,  Nucleotide-binding,  Lipoprotein,  Palmitate,  GTP-binding"
P48774," Direct protein sequencing, Cytoplasm,  Reference proteome,  Phosphoprotein, Transferase"
P01942," Oxygen transport, Reference proteome,  Direct protein sequencing,  Iron,  Polymorphism, 3D-structure,  Acetylation,  Heme, Metal-binding,  Transport,  Phosphoprotein"
P51859,"Transcription regulation,  Nucleus,  Transcription,  Ubl conjugation,  Disulfide bond,  Reference proteome,  Cytoplasm, Heparin-binding,  Isopeptide bond, Phosphoprotein,  Repressor,  DNA-binding,  Nucleotide-binding,  Growth factor, Acetylation,  Secreted"
Q9JMG7," Nucleus, Reference proteome, 3D-structure,  Alternative splicing,  Growth factor,  Phosphoprotein"
Q9Z130," Nucleus,  Methylation,  Direct protein sequencing,  Transcription,  Reference proteome,  Cytoplasm, Repeat,  Repressor, Ubl conjugation,  DNA-binding, Isopeptide bond, Acetylation,  Phosphoprotein,  Activator,  Transcription regulation,  RNA-binding"
Q8R081," Nucleus,  Methylation,  Direct protein sequencing,  Ubl conjugation, 3D-structure,  Acetylation,  Cytoplasm, Repeat,  Ribonucleoprotein, Isopeptide bond,  Reference proteome,  Phosphoprotein,  RNA-binding"
Q8BMJ3," Protein biosynthesis, Initiation factor,  Reference proteome"
Q8K274,"Reference proteome,  Kinase,  Transferase,  Nucleotide-binding, ATP-binding,  Phosphoprotein"
Q61205," Hydrolase,  Lipid degradation,  Reference proteome,  Cytoplasm, Phosphoprotein, Acetylation,  Lipid metabolism"
P60335,"Nucleus,  Repeat,  Direct protein sequencing,  Ubl conjugation,  Reference proteome, RNA-binding,  Isopeptide bond,  DNA-binding,  Ribonucleoprotein, Acetylation,  Phosphoprotein"
Q61990,"Alternative splicing,  Nucleus,  Repeat, Ribonucleoprotein,  Ubl conjugation,  Innate immunity,  Antiviral defense,  Cytoplasm, Direct protein sequencing,  DNA-binding, Isopeptide bond,  Immunity,  Reference proteome,  Phosphoprotein,  RNA-binding"
Q8BFQ8," Reference proteome,  Signal, Glycoprotein,  Secreted"
Q91VJ5,"Transcription regulation,  mRNA splicing,  Nucleus,  Repeat,  Transcription,  Innate immunity, Immunity, Phosphoprotein,  mRNA processing,  Reference proteome"
P62196," Nucleus,  Reference proteome,  Cytoplasm, Phosphoprotein,  Proteasome,  ATP-binding,  Nucleotide-binding, Acetylation"
Q9R1P0," Nucleus,  Direct protein sequencing, 3D-structure,  Acetylation,  Cytoplasm, Phosphoprotein,  Proteasome,  Reference proteome"
P26043," Direct protein sequencing, Cytoplasm,  Reference proteome,  Actin-binding, 3D-structure, Phosphoprotein,  Membrane,  Cell membrane,  Cell projection,  Actin capping,  Cytoskeleton"
P34022,"Acetylation,  GTPase activation,  Phosphoprotein,  Reference proteome"
O89086," Nucleus,  Methylation, Reference proteome,  Cytoplasm, Cell projection,  Stress response,  Phosphoprotein,  RNA-binding"
Q9D8E6," Ubl conjugation,  Direct protein sequencing,  Reference proteome, Methylation,  Isopeptide bond,  Ribonucleoprotein,  Citrullination, Ribosomal protein, Acetylation,  Phosphoprotein"
Q8BG05," mRNA splicing,  Methylation,  Direct protein sequencing,  Nucleus,  Reference proteome,  Repeat,  Ubl conjugation, Phosphoprotein,  Alternative splicing,  mRNA processing,  Ribonucleoprotein, Isopeptide bond, Spliceosome, Acetylation,  RNA-binding"
Q99020," Nucleus,  Methylation,  Direct protein sequencing,  Transcription,  Reference proteome,  Cytoplasm, Repeat,  Repressor, Ubl conjugation,  DNA-binding, Isopeptide bond, Acetylation,  Phosphoprotein,  Transcription regulation,  RNA-binding"
P17563," Nucleus, Protein transport,  Reference proteome,  Cytoplasm,  Membrane,  Selenium,  Transport, Acetylation,  Oxidoreductase,  Phosphoprotein"
Q9JJU8,"Reference proteome,  SH3-binding"
Q8BG73," Reference proteome,  Nucleus,  SH3-binding, Direct protein sequencing"
Q99JB2," Reference proteome,  Lipoprotein,  Cytoplasm, Mitochondrion inner membrane,  Membrane, Transit peptide,  Cell membrane,  Mitochondrion,  Coiled coil,  Cytoskeleton,  Phosphoprotein, Acetylation, Lipid-binding"
P80313," Methylation,  Direct protein sequencing,  Reference proteome,  Cytoplasm,  ATP-binding, Ubl conjugation, Isopeptide bond,  Nucleotide-binding, Acetylation,  Chaperone"
Q8BWT1," Acyltransferase,  Hydrolase,  Reference proteome,  Mitochondrion, Acetylation, Lipid metabolism,  Phosphoprotein,  Fatty acid metabolism,  Transit peptide, Transferase"
P52196,"Reference proteome,  Repeat,  Transferase,  Mitochondrion,  Glycoprotein, Acetylation,  Phosphoprotein,  RNA-binding"
Q9QZE7," Developmental protein,  Nucleus, Reference proteome, Cytoplasm,  Ubl conjugation, Golgi apparatus,  Isopeptide bond,  DNA-binding,  Magnesium,  Metal-binding,  Differentiation,  Spermatogenesis"
Q9D883,"Nucleus,  Zinc-finger,  mRNA splicing,  Methylation,  Repeat,  Reference proteome,  Zinc,  mRNA processing,  Metal-binding, Spliceosome, Acetylation,  Phosphoprotein,  RNA-binding"
P58321,"Cytoplasm,  Hydrolase, Thiol protease,  Ubl conjugation pathway,  Reference proteome,  Phosphoprotein,  Protease"
P20152," Nucleus,  Ubl conjugation,  Reference proteome, S-nitrosylation,  Cytoplasm,  Membrane, Direct protein sequencing,  Cell membrane,  Glycoprotein,  Intermediate filament, Isopeptide bond,  Coiled coil,  Cytoskeleton,  Phosphoprotein, Acetylation"
Q9ERF3,"Transcription regulation,  Nucleus,  Repeat,  Transcription,  Reference proteome,  Wnt signaling pathway,  Cytoplasm,  WD repeat, Acetylation"
