A0AUV4,"ATP-binding,  Reference proteome,  Transferase,  Kinase, Serine/threonine-protein kinase,  Nucleotide-binding"
A1A535," Membrane, Alternative splicing,  Cell membrane,  Reference proteome"
A1A5B6," Cytoplasm,  GTPase activation,  Reference proteome, Autophagy, Phosphoprotein,  Cytoplasmic vesicle"
A2A791," Alternative splicing,  Metal-binding,  Reference proteome, Acetylation,  Zinc, Phosphoprotein,  Repeat,  Isopeptide bond,  Ubl conjugation, Zinc-finger"
A2A8L5," Transmembrane helix,  Heparin-binding,  Reference proteome,  Membrane,  Phosphoprotein, Transmembrane, 3D-structure,  Repeat,  Signal, Hydrolase,  Disulfide bond,  Immunoglobulin domain,  Receptor,  Glycoprotein,  Cell adhesion, Protein phosphatase"
A2AM29,"Activator,  DNA-binding, Transcription regulation,  Reference proteome,  Nucleus, Phosphoprotein,  Transcription,  Isopeptide bond,  Ubl conjugation,  Chromosome"
A2AQ07," Reference proteome,  Phosphoprotein,  Microtubule, Cytoplasm,  Isopeptide bond, Nucleotide-binding,  GTP-binding,  Cytoskeleton"
A2AQ19,"Activator, Wnt signaling pathway,  Phosphoprotein, Reference proteome,  Coiled coil,  Nucleus,  Transcription,  DNA-binding,  Transcription regulation"
A2AWL7," DNA-binding, Transcription,  Reference proteome,  Phosphoprotein,  Repressor,  Coiled coil, Alternative splicing,  Nucleus,  Isopeptide bond,  Transcription regulation,  Ubl conjugation, Methylation"
A2RSY6," tRNA processing,  Metal-binding,  Reference proteome,  Zinc-finger,  Zinc,  Phosphoprotein,  Transferase,  tRNA-binding, Alternative splicing,  Behavior,  RNA-binding,  Isopeptide bond, Ubl conjugation, S-adenosyl-L-methionine, Methyltransferase"
A9Z1V5," Reference proteome,  Phosphoprotein,  Secreted, Glycoprotein,  Signal"
B2RX12," Transmembrane helix,  Reference proteome,  Membrane,  Phosphoprotein,  Transport,  ATP-binding, Alternative splicing,  Repeat, Transmembrane, Nucleotide-binding,  Glycoprotein"
B2RY04," Cytoplasm,  Membrane,  Phosphoprotein, Reference proteome,  SH3 domain, Guanine-nucleotide releasing factor,  Cell membrane, Acetylation,  Cataract"
B9EHT4," Cytoplasm, Lipoprotein,  Golgi apparatus,  Reference proteome,  Membrane,  Phosphoprotein, Repeat,  Palmitate,  Cell membrane, 3D-structure,  ANK repeat"
D2EAC2," Cytoplasm, Transcription regulation,  Metal-binding,  Reference proteome,  Zinc-finger,  Zinc,  Repressor,  Nucleus, Phosphoprotein,  Repeat, Alternative initiation,  DNA-binding,  Transcription"
D3YWJ0," Hydrolase, Coiled coil, Reference proteome,  Nucleus,  GTP-binding,  Nucleotide-binding"
E9PV87," Cytoplasm, Cytoskeleton,  Reference proteome,  Cilium biogenesis/degradation,  Phosphoprotein, Cell projection,  Coiled coil"
E9Q2Z1," Methylation,  Reference proteome,  Bromodomain, Alternative splicing, Phosphoprotein,  Chromatin regulator"
E9Q3E1," Oxidoreductase,  Methylation,  Lipoprotein, Reference proteome, Lipid droplet,  Prenylation,  NAD"
G3XA57," Endosome, Protein transport,  Reference proteome,  Membrane,  Phosphoprotein,  Transport, Alternative splicing,  Cell membrane,  Repeat"
O08674,"Activator, Transcription regulation,  Reference proteome,  Nucleus,  Transcription,  DNA-binding"
O35409,"Calcium,  Transmembrane helix,  Dipeptidase,  Metal-binding,  Reference proteome,  Membrane,  Zinc,  Carboxypeptidase,  Phosphoprotein,  Transmembrane, Signal-anchor,  Cell membrane,  Metalloprotease, Hydrolase, Multifunctional enzyme,  Protease,  Glycoprotein"
O35490," Metal-binding,  Zinc,  Phosphoprotein, Reference proteome,  Transferase, Cytoplasm,  Methyltransferase"
O35711," Reference proteome,  Phosphoprotein, Repeat,  Coiled coil, Alternative splicing"
O35739," Metal-binding,  Zinc,  Phosphoprotein, Reference proteome, Biological rhythms,  Nucleus,  Repeat,  Transcription,  DNA-binding,  Transcription regulation, Zinc-finger"
O35988," Proteoglycan,  Transmembrane helix,  Reference proteome, Secreted,  Membrane,  Transmembrane, Glycoprotein,  Signal,  Heparan sulfate"
O54825," Methylation,  Reference proteome,  Phosphoprotein, Cytoplasm,  Nucleus, Ribosome biogenesis"
O54834," Cytoplasm,  GTPase activation,  Phosphoprotein, Reference proteome,  SH3-binding, Alternative splicing"
O70152," Phosphoprotein, Reference proteome,  Transferase,  Glycosyltransferase,  Endoplasmic reticulum, Acetylation"
O88520," Leucine-rich repeat,  Reference proteome, Cytoplasm,  Repeat,  Nucleus"
O88689," Alternative splicing,  Transmembrane helix,  Metal-binding,  Reference proteome,  Membrane, Repeat,  Transmembrane, Disulfide bond,  Cell membrane, 3D-structure,  Calcium,  Signal,  Glycoprotein,  Cell adhesion"
O88947,"Blood coagulation,  Gamma-carboxyglutamic acid,  Hydrolase,  Zymogen,  EGF-like domain,  Reference proteome,  Cleavage on pair of basic residues,  Hydroxylation, Disulfide bond, Hemostasis,  Repeat,  Calcium,  Signal,  Protease,  Glycoprotein,  Serine protease, Secreted"
P01573,"Antiviral defense, Reference proteome,  Secreted,  Cytokine,  Disulfide bond,  Signal,  Glycoprotein"
P01582," Cytoplasm,  Reference proteome,  Secreted, Cytokine,  Glycoprotein,  Inflammatory response, Phosphoprotein,  Pyrogen,  Mitogen"
P04627," Metal-binding, ATP-binding,  Reference proteome, Proto-oncogene,  Zinc,  Phosphoprotein,  Zinc-finger, Transferase,  Serine/threonine-protein kinase,  Kinase,  Nucleotide-binding"
P08207," Repeat,  Reference proteome, Acetylation"
P09055," Alternative splicing,  Transmembrane helix, Cell junction, Signal,  Disulfide bond,  Receptor,  Integrin,  Transmembrane, Glycoprotein,  Isopeptide bond,  Magnesium,  Cell adhesion,  Endosome,  Reference proteome, Metal-binding,  Cell projection,  Ubl conjugation,  Acetylation,  Membrane,  Phosphoprotein, 3D-structure,  Cell membrane,  Repeat"
P09803," Endosome,  Golgi apparatus,  Transmembrane helix,  Reference proteome,  Membrane,  Phosphoprotein, Cleavage on pair of basic residues, Disulfide bond,  Glycoprotein, Metal-binding,  Cell membrane, 3D-structure,  Calcium,  Repeat, Transmembrane,  Direct protein sequencing,  Ubl conjugation,  Signal,  Cell junction,  Cell adhesion"
P12961," Reference proteome,  Neuropeptide,  Cleavage on pair of basic residues,  Phosphoprotein,  Secreted,  Transport, Disulfide bond,  Sulfation, Chaperone, Signal,  Direct protein sequencing"
P13808," Anion exchange,  Antiport,  Lipoprotein,  Methylation,  Reference proteome,  Transmembrane helix,  Membrane, Transport,  Transmembrane, Ion transport,  Palmitate, Alternative splicing, Phosphoprotein,  Glycoprotein"
P16283," Anion exchange,  Antiport,  Lipoprotein,  Methylation,  Reference proteome,  Transmembrane helix,  Membrane, Transport,  Transmembrane, Ion transport,  Palmitate, Alternative splicing, Phosphoprotein,  Glycoprotein"
P20612," Sensory transduction,  Lipoprotein,  Metal-binding,  Reference proteome, Vision,  Membrane, Magnesium, Cell projection,  Transducer, Phosphoprotein,  Direct protein sequencing,  GTP-binding,  Nucleotide-binding,  Myristate"
P21129,"Transport,  Transmembrane helix,  Reference proteome,  Transmembrane,  Symport, Membrane"
P24610,"Transcription,  Disease mutation,  Myogenesis,  Reference proteome,  Phosphoprotein,  Homeobox,  Paired box, Neurogenesis,  Nucleus,  DNA-binding,  Transcription regulation, Developmental protein"
P27046," Transmembrane helix,  Hydrolase,  Metal-binding, Zinc,  Membrane,  Phosphoprotein, Reference proteome,  Signal-anchor,  Transmembrane, Direct protein sequencing, Golgi apparatus,  Disulfide bond,  Glycosidase,  Glycoprotein"
P27811," Lectin,  Transmembrane helix,  Membrane,  Transmembrane, Reference proteome,  Signal-anchor, 3D-structure,  Disulfide bond,  Receptor"
P39087," Ion channel,  Transmembrane helix, Signal,  Disulfide bond,  Receptor,  Cell junction,  Transmembrane, Ligand-gated ion channel, Alternative splicing, Glycoprotein,  Isopeptide bond,  Synapse,  Reference proteome,  Transport,  RNA editing, Ubl conjugation,  Membrane,  Phosphoprotein, Postsynaptic cell membrane,  Cell membrane,  Ion transport"
P39688," Alternative splicing,  Manganese, Tyrosine-protein kinase,  Palmitate,  SH2 domain, Nucleotide-binding,  Immunity, Reference proteome,  Nucleus,  Kinase, Cell membrane,  SH3 domain,  ATP-binding,  Developmental protein,  Proto-oncogene,  Myristate,  Cytoplasm, Lipoprotein,  Metal-binding,  Adaptive immunity,  Membrane,  Phosphoprotein,  Transferase, 3D-structure"
P41242," Cytoplasm,  Reference proteome,  Membrane,  SH3 domain, Transferase,  ATP-binding, Alternative splicing,  Kinase,  Tyrosine-protein kinase,  SH2 domain, Nucleotide-binding"
P43883," Reference proteome,  Membrane,  Phosphoprotein,  Lipid droplet, Acetylation"
P47212," Reference proteome,  Neuropeptide,  Cleavage on pair of basic residues, Amidation,  Secreted, Phosphoprotein,  Hormone,  Signal"
P47856," Reference proteome,  Biological rhythms,  Phosphoprotein, Transferase, Glutamine amidotransferase, Alternative splicing,  Repeat,  Aminotransferase"
P47867," Reference proteome,  Membrane,  Cleavage on pair of basic residues, Cytoplasmic vesicle,  Phosphoprotein, Alternative splicing,  Signal, Secreted"
P48794," Hydrolase,  Lipoprotein,  Reference proteome,  Membrane, GPI-anchor,  Cell membrane, Cell adhesion,  Disulfide bond,  Glycosidase,  Signal,  Glycoprotein"
P49769,"Endosome, Cell membrane,  Cytoplasmic vesicle,  Golgi apparatus,  Hydrolase,  Apoptosis,  Membrane,  Reference proteome,  Transmembrane, Transmembrane helix,  Notch signaling pathway, Alternative splicing, Phosphoprotein,  Endoplasmic reticulum,  Synapse,  Cell projection,  Protease,  Cell junction,  Cell adhesion"
Q792X7," Cytoplasm, Nucleus,  Alternative splicing,  Polymorphism,  Reference proteome,  Phosphoprotein,  Cell cycle, Tumor suppressor, 3D-structure,  Repeat,  ANK repeat"
P51954," Mitosis, ATP-binding,  Metal-binding,  Reference proteome,  Cilium biogenesis/degradation,  Phosphoprotein,  Transferase, Cytoplasm,  Cell cycle,  Nucleus,  Kinase, Serine/threonine-protein kinase,  Magnesium,  Tyrosine-protein kinase, Nucleotide-binding,  Cytoskeleton,  Cell division"
P53798,"Cholesterol biosynthesis,  Sterol metabolism,  Metal-binding, Transmembrane helix,  Lipid metabolism, Reference proteome,  Transferase,  Transmembrane,  Steroid metabolism, Membrane,  Lipid biosynthesis, Isoprene biosynthesis,  Endoplasmic reticulum,  Magnesium,  Steroid biosynthesis, Sterol biosynthesis,  Multifunctional enzyme,  Cholesterol metabolism,  NADP,  NAD"
P55850," Transmembrane helix,  Metal-binding,  Membrane,  Transmembrane, Cleavage on pair of basic residues, Reference proteome,  Glycoprotein, Alternative splicing,  Cell membrane,  Repeat,  Calcium,  Signal,  Cell junction,  Cell adhesion"
P56389," Hydrolase,  Metal-binding,  Reference proteome,  Zinc, 3D-structure"
P56726," Disulfide bond,  Transmembrane helix, G-protein coupled receptor,  Membrane,  Transmembrane, Reference proteome,  Transducer, 3D-structure,  Developmental protein,  Cell projection,  Receptor,  Glycoprotein,  Signal"
P57724," Reference proteome, Cytoplasm,  Repeat, RNA-binding,  Ribonucleoprotein,  DNA-binding"
P58391,"Calmodulin-binding,  Ion channel,  Transmembrane helix,  Membrane,  Phosphoprotein, Reference proteome,  Transmembrane,  Transport,  Ion transport"
P58544," Methylation,  Differentiation,  Myogenesis,  Reference proteome, Ubl conjugation pathway, Cytoplasm"
P59041," Chaperone,  Transmembrane helix,  Transit peptide,  Reference proteome,  Membrane, Mitochondrion inner membrane, Transmembrane,  Mitochondrion, ATP synthesis"
P60330," Cytoplasm,  Hydrolase, Autocatalytic cleavage,  Phosphoprotein, Reference proteome,  Thiol protease,  Nucleus, Direct protein sequencing,  Chromosome partition,  Protease"
P60755,"Cell membrane,  Lipoprotein,  Reference proteome,  Membrane,  Glycoprotein, Signal,  Repeat, Immunoglobulin domain,  Disulfide bond,  GPI-anchor"
P61965," Acetylation,  WD repeat, Reference proteome, 3D-structure,  Nucleus,  Repeat,  Transcription,  Isopeptide bond,  Chromatin regulator,  Transcription regulation, Ubl conjugation"
P62340,"Transcription regulation,  Reference proteome, Cytoplasm,  Nucleus,  Transcription,  DNA-binding"
P63248," Protein kinase inhibitor, 3D-structure,  Reference proteome,  Acetylation"
P70122," Cytoplasm,  Phosphoprotein, Reference proteome,  Nucleus, Acetylation,  Cytoskeleton,  Ribosome biogenesis"
P70211," Alternative splicing,  Transmembrane helix,  Tumor suppressor,  Reference proteome,  Apoptosis,  Phosphoprotein,  Alternative initiation, Membrane, 3D-structure,  Repeat, Transmembrane,  Disulfide bond,  Immunoglobulin domain,  Receptor,  Glycoprotein,  Ubl conjugation,  Signal, Developmental protein"
P70289," Transmembrane helix,  Hydrolase,  Reference proteome,  Membrane, Repeat,  Transmembrane,  Protein phosphatase, Glycoprotein,  Signal"
P70298," Phosphoprotein, Coiled coil,  Homeobox, Reference proteome,  Nucleus,  Repeat,  Transcription,  DNA-binding,  Transcription regulation"
P70349," Cytoplasm, Transcription,  Hydrolase,  Reference proteome,  Apoptosis,  Phosphoprotein, Nucleotide-binding,  Nucleus,  Transcription regulation, Acetylation,  Direct protein sequencing"
P70697," Cytoplasm,  Reference proteome,  Lyase,  Decarboxylase,  Porphyrin biosynthesis, Heme biosynthesis, Acetylation,  Direct protein sequencing"
P81270," Cytoplasm,  DNA-binding, Transcription regulation,  Reference proteome, Alternative splicing,  Nucleus, Phosphoprotein,  Transcription,  Isopeptide bond,  Ubl conjugation"
P82198,"Gamma-carboxyglutamic acid,  Reference proteome,  Phosphoprotein,  Extracellular matrix,  Repeat,  Disulfide bond,  Signal, Cell adhesion, Secreted"
P97313," Alternative splicing,  S-nitrosylation,  Biological rhythms, Serine/threonine-protein kinase, Acetylation,  Nucleotide-binding,  DNA damage,  Immunity, Reference proteome,  DNA repair,  Nucleus, Kinase,  Ribosome biogenesis,  SCID, Disease mutation,  ATP-binding,  TPR repeat,  Ubl conjugation,  Innate immunity,  Polymorphism,  Phosphoprotein,  Transferase,  Repeat"
P97402," Golgi apparatus, Transmembrane helix,  Membrane,  Transmembrane, Reference proteome,  Signal-anchor,  Glycosyltransferase,  Transferase, Glycoprotein"
P97467,"Calcium,  Oxidoreductase,  Transmembrane helix,  Metal-binding,  Membrane,  Zinc,  Cleavage on pair of basic residues,  Lyase,  Phosphoprotein, Reference proteome,  Transmembrane, Disulfide bond,  Repeat, Vitamin C,  Copper, Monooxygenase,  Multifunctional enzyme,  Glycoprotein,  Cytoplasmic vesicle,  Signal"
P97493," Transit peptide,  Reference proteome,  Transport, Redox-active center,  Mitochondrion, Acetylation,  Disulfide bond,  Electron transport"
P97496," Alternative splicing,  Methylation, Transcription regulation,  Reference proteome, Cytoplasm,  Coiled coil,  Neurogenesis,  Nucleus, Phosphoprotein,  Transcription, Acetylation,  Chromatin regulator,  Isopeptide bond,  Ubl conjugation"
P97789," Cytoplasm,  Hydrolase,  Exonuclease,  Reference proteome,  Phosphoprotein, Nuclease, Alternative splicing,  RNA-binding,  DNA-binding"
Q00342," Transmembrane helix, ATP-binding,  Reference proteome,  Receptor,  Membrane,  Transmembrane, Transferase, Phosphoprotein,  Kinase,  Endoplasmic reticulum, Immunoglobulin domain,  Tyrosine-protein kinase,  Disulfide bond, Ubl conjugation,  Nucleotide-binding,  Glycoprotein,  Proto-oncogene,  Signal"
Q00651,"Calcium,  Transmembrane helix,  Reference proteome,  Membrane,  Integrin,  Phosphoprotein,  Transmembrane, Metal-binding, Signal,  Repeat,  Disulfide bond,  Receptor,  Glycoprotein,  Cell adhesion"
Q03160," Cytoplasm,  Lipid-binding, SH2 domain, Cell junction,  Reference proteome,  Phosphoprotein,  Repressor, Membrane,  Cell membrane,  RNA-binding,  Cell projection"
Q05186,"Calcium,  Reference proteome,  Phosphoprotein, Metal-binding,  Repeat,  Endoplasmic reticulum,  Direct protein sequencing,  Signal,  Glycoprotein"
Q05860," Cytoplasm,  Alternative splicing, Cell membrane,  Reference proteome,  Membrane,  Actin-binding,  Coiled coil, 3D-structure,  Nucleus, Phosphoprotein,  Cytoskeleton,  Cell junction"
Q05CL8," Alternative splicing,  Differentiation, Transcription regulation, Acetylation,  Phosphoprotein, Reference proteome,  Spermatogenesis,  Nucleus,  Transcription,  RNA-binding,  Isopeptide bond, mRNA processing,  Ubl conjugation,  mRNA splicing"
Q0VAX3," Iron,  Oxidoreductase,  Metal-binding, Electron transport,  Reference proteome, Transmembrane helix,  Lipid metabolism,  Heme,  Transmembrane,  Transport, Membrane,  Lipid biosynthesis,  Endoplasmic reticulum,  Fatty acid biosynthesis, Fatty acid metabolism"
Q14BT6," Golgi apparatus, Transmembrane helix,  Membrane,  Transmembrane, Reference proteome,  Signal-anchor,  Glycosyltransferase,  Transferase, Glycoprotein"
Q3TC46," Methylation,  Reference proteome,  Phosphoprotein, Cytoplasm,  Nucleus, RNA-binding"
Q3TL44,"Leucine-rich repeat,  Innate immunity, ATP-binding,  Reference proteome,  Immunity,  Membrane,  Host-virus interaction,  Repeat,  Mitochondrion,  Mitochondrion outer membrane, Nucleotide-binding,  Transit peptide"
Q3TN34," Cytoplasm,  Tight junction,  Endosome, Cytoskeleton,  Metal-binding, Cell junction,  Reference proteome,  Membrane,  Zinc,  Coiled coil,  Cell membrane, Phosphoprotein,  LIM domain,  Cell projection"
Q3UHF7,"DNA-binding,  Metal-binding,  Reference proteome,  Zinc-finger,  Zinc,  Phosphoprotein, Repeat,  Nucleus,  Transcription,  Transcription regulation"
Q3UM29,"Transport,  Reference proteome,  Membrane,  Protein transport, Golgi apparatus"
Q3UQN2," Coated pit,  Reference proteome,  Membrane, Isopeptide bond,  Phosphoprotein,  Coiled coil, Alternative splicing,  Endocytosis,  Disulfide bond, Ubl conjugation"
Q3URK3,"Activator,  Oxidoreductase, Zinc,  Metal-binding,  Zinc-finger,  Phosphoprotein, Reference proteome,  Repressor,  Nucleus,  Transcription,  Transcription regulation,  DNA-binding,  Chromatin regulator, Iron,  Glycoprotein,  Dioxygenase"
Q3USF0," Golgi apparatus, Transmembrane helix,  Membrane,  Transmembrane, Reference proteome,  Signal-anchor,  Glycosyltransferase,  Transferase, Glycoprotein"
Q3UTA9," Protein biosynthesis, Reference proteome, Alternative splicing,  RNA-binding,  Initiation factor"
Q3UUX7,"Cytoplasm,  Reference proteome"
Q3UV70," Hydrolase,  Metal-binding,  Reference proteome,  Calcium,  Magnesium, Acetylation,  Mitochondrion,  Transit peptide, Protein phosphatase"
Q3UY90," Golgi apparatus,  Membrane, Reference proteome,  Secreted, Alternative splicing,  Endoplasmic reticulum,  Signal"
Q3V038," TPR repeat,  Repeat, Phosphoprotein,  Reference proteome"
Q3V3G7," Lipid-binding, Transmembrane helix,  Reference proteome,  Phosphoprotein,  Transmembrane, Alternative splicing,  Cell membrane, Membrane,  Endoplasmic reticulum"
Q4KWH5," Cytoplasm,  Lipid degradation,  Hydrolase,  Metal-binding,  Reference proteome,  Membrane, Transducer, Alternative splicing,  Repeat,  Calcium, Lipid metabolism"
Q4VBF2,"Nucleus,  Reference proteome"
Q505D9," Cytoplasm,  Metal-binding,  Reference proteome,  Zinc-finger,  Zinc, Coiled coil, Repeat,  Cytoskeleton"
Q571E4,"Calcium,  Hydrolase,  Metal-binding,  Lysosome, Reference proteome,  Disulfide bond,  Signal,  Glycoprotein"
Q5EBH1," Cytoplasm,  Alternative splicing,  Reference proteome,  Zinc-finger,  Apoptosis,  Zinc,  Phosphoprotein,  Microtubule, Tumor suppressor, Metal-binding, 3D-structure,  Cytoskeleton"
Q5F259," Alternative splicing,  Endosome,  Reference proteome, Membrane,  Cell membrane,  Repeat, Acetylation,  ANK repeat"
Q5GH68,"Membrane,  Transmembrane,  Transmembrane helix,  Reference proteome"
Q5RJY2," Cytoplasm, Apoptosis,  Metal-binding,  Zinc, Reference proteome,  Transferase,  Nucleus,  Repeat,  Developmental protein,  Ubl conjugation pathway, Zinc-finger"
Q5SUE8," Alternative splicing,  Phosphoprotein, Reference proteome,  Repeat, Acetylation,  ANK repeat"
Q5SZA1,"Transmembrane helix,  Sodium,  Membrane,  Symport, Reference proteome,  Transmembrane,  Transport, Alternative splicing,  Ion transport,  Glycoprotein,  Sodium transport"
Q5XK03,"Phospholipid metabolism,  Phospholipid biosynthesis, Transmembrane helix,  Reference proteome,  Membrane,  Lipid metabolism,  Transmembrane, Lipid biosynthesis"
Q60662," Flagellum,  Cilium,  Reference proteome, Alternative splicing, Phosphoprotein,  Direct protein sequencing, Cilium biogenesis/degradation,  Cell projection"
Q60695," Guanine-nucleotide releasing factor, 3D-structure, Reference proteome,  Phosphoprotein"
Q60949," GTPase activation,  Phosphoprotein, Reference proteome, Alternative splicing,  Nucleus"
Q61127," Phosphoprotein, Reference proteome,  Repressor, Alternative splicing,  Nucleus,  Transcription,  Isopeptide bond,  Transcription regulation, Ubl conjugation"
Q61189," Cytoplasm,  Phosphoprotein, Reference proteome,  Nucleus, Acetylation,  Cytoskeleton"
Q61409,"Angiogenesis,  Transmembrane helix,  Hydrolase,  Metal-binding,  Reference proteome,  cAMP,  Membrane,  Transmembrane,  Coiled coil, Phosphoprotein,  cGMP"
Q61704," Reference proteome,  Serine protease inhibitor, Cleavage on pair of basic residues,  Secreted,  Protease inhibitor, Proteoglycan, Signal,  Glycoprotein"
Q61727," Cytoplasm, Cell membrane, Transmembrane helix,  Reference proteome,  Membrane,  Transmembrane, Phosphoprotein,  Disulfide bond,  Ubl conjugation,  Receptor,  Glycoprotein,  Signal"
Q62137," Cytoplasm,  Alternative splicing,  Immunity, Innate immunity,  Membrane,  Phosphoprotein, Reference proteome,  Transferase, Tyrosine-protein kinase,  ATP-binding,  Repeat,  Kinase,  SH2 domain,  Nucleotide-binding, Adaptive immunity"
Q62178," Transmembrane helix,  Reference proteome,  Immunity,  Membrane,  Glycoprotein, Transmembrane,  Cell membrane,  Neurogenesis,  Developmental protein,  Angiogenesis, Immunoglobulin domain,  Disulfide bond,  Signal, Differentiation, Adaptive immunity"
Q62245," Guanine-nucleotide releasing factor, 3D-structure, Reference proteome,  Phosphoprotein"
Q62314," Golgi apparatus, Cell membrane,  Transmembrane helix,  Membrane,  Phosphoprotein, Reference proteome,  Transmembrane,  Repeat,  Signal,  Glycoprotein"
Q62424,"Reference proteome,  Homeobox,  Nucleus, 3D-structure,  Developmental protein,  Transcription,  DNA-binding,  Transcription regulation"
Q640L5," Coiled coil, Alternative splicing,  Phosphoprotein,  Reference proteome"
Q64237," Transmembrane helix,  Metal-binding,  Reference proteome,  Membrane,  Phosphoprotein,  Signal-anchor, Disulfide bond,  Monooxygenase, Transmembrane, 3D-structure,  Vitamin C, Oxidoreductase,  Copper,  Catecholamine biosynthesis,  Glycoprotein,  Cytoplasmic vesicle"
Q64318,"Activator,  DNA-binding,  Differentiation,  Reference proteome,  Zinc-finger,  Zinc,  Phosphoprotein, Repeat,  Homeobox,  Repressor, Metal-binding,  Neurogenesis,  Nucleus,  Transcription,  Isopeptide bond,  Transcription regulation, Ubl conjugation"
Q64338," Alternative splicing,  Metal-binding,  Reference proteome,  cAMP,  Lysosome,  Calmodulin-binding, Hydrolase, Acetylation,  cGMP"
Q66X19," Leucine-rich repeat, ATP-binding,  Reference proteome,  Inflammatory response,  Repeat, Nucleotide-binding"
Q68FE6," Cytoplasm,  Golgi apparatus, Coiled coil, Reference proteome,  Phosphoprotein"
Q6A009," Reference proteome,  Zinc-finger,  Zinc,  Transferase, Metal-binding,  Repeat,  Neurodegeneration, Ubl conjugation,  Ubl conjugation pathway"
Q6A0D4," Cytoplasm,  Endosome,  Lipoprotein, Cell membrane,  Reference proteome,  Membrane,  Phosphoprotein, Palmitate,  Myristate"
Q6DIA7," Meiosis,  Phosphoprotein, Reference proteome, Alternative splicing,  Chromosome"
Q6IRU7," Cilium,  Reference proteome,  Cilium biogenesis/degradation,  Phosphoprotein, Cytoplasm, Cell projection,  Coiled coil,  Cytoskeleton"
Q6NZK8," Hydrolase,  Reference proteome,  Cilium biogenesis/degradation,  Protein phosphatase, Alternative splicing, Phosphoprotein"
Q6P1B3,"Transmembrane helix,  Reference proteome,  Membrane,  Transmembrane, Glycoprotein,  Signal"
Q6PDH0," Methylation,  Phosphoprotein, Reference proteome,  Coiled coil, Alternative splicing"
Q6PE15," Alternative splicing,  Hydrolase, Reference proteome, 3D-structure,  Mitochondrion,  Transit peptide"
Q6UQ17," Transmembrane helix, ATP-binding,  Metal-binding,  Reference proteome,  Membrane,  Transmembrane, Translocase,  Transport,  Lipid transport,  Endoplasmic reticulum, Magnesium,  Nucleotide-binding,  Cytoplasmic vesicle"
Q6ZQK0," Mitosis,  Reference proteome,  Phosphoprotein, Repeat,  Coiled coil, Cell cycle, DNA condensation,  Nucleus,  Direct protein sequencing,  Cell division"
Q75N73," Endosome, Transmembrane helix,  Reference proteome,  Zinc transport,  Membrane, Lysosome,  Transmembrane,  Transport,  Zinc, Alternative splicing,  Cell membrane,  Ion transport,  Ubl conjugation,  Signal,  Glycoprotein"
Q7M722," Sensory transduction, G-protein coupled receptor, Transmembrane helix,  Membrane,  Transmembrane, Reference proteome,  Transducer,  Taste,  Receptor,  Glycoprotein"
Q7SIG6," Alternative splicing,  Golgi apparatus,  GTPase activation,  Metal-binding,  Reference proteome,  Zinc,  Phosphoprotein, Cytoplasm, SH3 domain,  Coiled coil, Membrane,  Cell membrane, 3D-structure,  Direct protein sequencing,  Repeat,  ANK repeat"
Q7TNF8," Cytoplasm,  Reference proteome, SH3 domain, Alternative splicing,  Repeat,  Mitochondrion"
Q7TQG1,"Phosphoprotein,  Reference proteome"
Q7TQK1," Cytoplasm,  Reference proteome,  DNA damage, Alternative splicing,  Nucleus, Phosphoprotein,  Chromosome"
Q7TSD4," Cytoplasm, Nucleus,  Differentiation,  Reference proteome,  Spermatogenesis, Alternative splicing,  Developmental protein"
Q7TSH4," Cilium,  Reference proteome,  Cilium biogenesis/degradation,  Phosphoprotein, Cytoplasm, Cell projection,  Coiled coil, Ubl conjugation,  Cytoskeleton"
Q80TQ5," Cytoplasm,  Alternative splicing,  Phosphoprotein, Reference proteome, Acetylation"
Q80TT2,"Calcium,  Cytoplasm,  Endosome,  Golgi apparatus,  Metal-binding,  Reference proteome,  Transport, Membrane,  Cell membrane,  Repeat,  Exocytosis"
Q80VH0," Reference proteome, ANK repeat,  Phosphoprotein,  B-cell activation,  Repeat"
Q80WC3," Phosphoprotein, Reference proteome,  Coiled coil, Alternative splicing,  Isopeptide bond,  Ubl conjugation"
Q80Z37,"Zinc,  Metal-binding,  Zinc-finger,  Phosphoprotein, Reference proteome,  Transferase,  Nucleus,  Isopeptide bond, DNA damage,  Ubl conjugation,  Ubl conjugation pathway"
Q80ZJ7," Protein transport, Coiled coil,  Transport,  Reference proteome"
Q810M1," Nucleus, Cytoplasm,  Reference proteome"
Q810V0," Reference proteome, Acetylation, rRNA processing,  Coiled coil,  Nucleus, Phosphoprotein,  Ribonucleoprotein,  Isopeptide bond,  Ubl conjugation,  Chromosome,  Ribosome biogenesis"
Q8BML9," Cytoplasm,  Protein biosynthesis,  Aminoacyl-tRNA synthetase,  Phosphoprotein, Reference proteome,  ATP-binding, Acetylation, Nucleotide-binding,  Ligase"
Q8BQM9,"Activator,  Alternative splicing, Transcription regulation,  Reference proteome,  Repressor,  Nucleus, Phosphoprotein,  Transcription,  Direct protein sequencing"
Q8BQQ1,"Acyltransferase,  Alternative splicing,  Transmembrane helix,  Lipoprotein,  Membrane,  Phosphoprotein, Reference proteome,  Transferase,  Transmembrane,  Palmitate,  Endoplasmic reticulum, Golgi apparatus"
Q8BVG4," Cytoplasm,  Hydrolase,  Aminopeptidase, Reference proteome, Alternative splicing,  Protease,  Serine protease"
Q8BW41," Transmembrane helix,  Reference proteome,  Membrane, Glycosyltransferase,  Signal-anchor,  Transmembrane, Transferase, Alternative splicing,  Endoplasmic reticulum,  Glycoprotein"
Q8BXL9," Coiled coil, Alternative splicing,  Intermediate filament, Reference proteome"
Q8BY02,"DNA-binding,  Reference proteome,  Phosphoprotein,  Nucleus,  Transcription, Repressor,  Isopeptide bond,  Transcription regulation,  Ubl conjugation"
Q8C0T9," Cytoplasm,  Membrane,  Lyase, Reference proteome, Cell projection,  ATP-binding, Alternative splicing,  Cell membrane, Metal-binding,  Nucleus,  Magnesium,  Mitochondrion,  Repeat,  cAMP biosynthesis,  Cytoskeleton,  Nucleotide-binding"
Q8C4Q6," Alternative splicing, Reference proteome,  Coiled coil, 3D-structure,  Developmental protein"
Q8C5N3," Reference proteome,  mRNA processing, Alternative splicing, Phosphoprotein,  Nucleus,  Spliceosome,  mRNA splicing"
Q8C5W3," Cytoplasm, Leucine-rich repeat,  Reference proteome,  Phosphoprotein,  Coiled coil, Alternative splicing,  Repeat,  Cytoskeleton"
Q8C8T7," Leucine-rich repeat,  Transmembrane helix,  Reference proteome,  Membrane,  Transmembrane, Cell projection,  Protein phosphatase inhibitor, Signal, Phosphoprotein,  Repeat,  Glycoprotein"
Q8CBF3," Transmembrane helix, Tyrosine-protein kinase, Signal, Nucleotide-binding,  Receptor,  Transmembrane, Cell projection, Alternative splicing,  Kinase,  Cell adhesion,  Endosome,  Reference proteome,  ATP-binding,  Neurogenesis,  Ubl conjugation,  Membrane,  Phosphoprotein,  Transferase,  Cell membrane,  Repeat,  Glycoprotein"
Q8CCA0," Nucleus,  Ubl conjugation, Isopeptide bond,  Reference proteome"
Q8CDI7,"Coiled coil,  Reference proteome"
Q8CDV6," Differentiation,  Reference proteome,  Coiled coil, Alternative splicing, Spermatogenesis"
Q8CF02,Reference proteome
Q8CG71," Iron,  Oxidoreductase,  Golgi apparatus,  Reference proteome,  Vitamin C, Metal-binding,  TPR repeat,  Repeat,  Endoplasmic reticulum, Sarcoplasmic reticulum, Dioxygenase,  Glycoprotein,  Signal"
Q8CGV2," Oxidoreductase,  Serotonin biosynthesis,  Metal-binding,  Phosphoprotein, Reference proteome, Iron,  Monooxygenase"
Q8CH02," Phosphoprotein,  mRNA processing, Reference proteome,  Nucleus, 3D-structure,  Repeat,  Spliceosome,  mRNA splicing"
Q8CH72," Cytoplasm,  Metal-binding,  Reference proteome,  Zinc, Coiled coil,  Phosphoprotein, Repeat,  Transferase,  Ubl conjugation, Zinc-finger,  Ubl conjugation pathway"
Q8CHP6," DNA-binding,  Reference proteome,  Zinc-finger,  Zinc,  Phosphoprotein, Metal-binding, Alternative splicing,  Nucleus,  Developmental protein,  Isopeptide bond, Ubl conjugation"
Q8CIM3," Oxidoreductase,  Reference proteome, FAD,  Mitochondrion,  Flavoprotein, Transit peptide"
Q8JZR6," Anion exchange,  Antiport,  Transmembrane helix,  Reference proteome,  Sodium,  Membrane,  Transport, Ion transport, Transmembrane, Alternative splicing,  Disulfide bond,  Sodium transport"
Q8K0T7,"Calcium,  Methylation,  Metal-binding,  Reference proteome,  Zinc-finger,  Membrane,  Zinc, Cytoplasm,  Coiled coil,  Cell membrane, Phosphoprotein,  Repeat,  Synapse,  Cell projection,  Cell junction,  Exocytosis"
Q8K0W3," Zinc-finger,  Reference proteome,  Zinc,  Phosphoprotein, Metal-binding"
Q8K2A8," Transmembrane helix,  Membrane,  Phosphoprotein, Reference proteome,  Transferase,  Glycosyltransferase,  Transmembrane, Endoplasmic reticulum"
Q8K2I9,"DNA-binding,  Hydrolase,  Helicase,  DNA damage, Reference proteome,  ATP-binding, Alternative splicing,  DNA repair,  Nucleus,  Ubl conjugation,  Nucleotide-binding,  Chromosome,  Ubl conjugation pathway"
Q8K2J0,"Calcium,  Lipid degradation,  Cytoplasm,  Hydrolase,  Metal-binding,  Reference proteome, Transducer,  Lipid metabolism,  Phosphoprotein, Membrane,  Repeat"
Q8K2R5,"Transcription regulation,  Metal-binding,  Reference proteome, Acetylation,  Zinc-finger,  Zinc,  Nucleus, Phosphoprotein,  Repeat,  Transcription,  DNA-binding,  Isopeptide bond,  Ubl conjugation"
Q8K2X1," Metal-binding,  Reference proteome,  Translocase,  Membrane, Transmembrane helix,  Transmembrane,  Transport, Polymorphism,  ATP-binding, Alternative splicing,  Cell membrane,  Endoplasmic reticulum,  Magnesium,  Nucleotide-binding, Lipid transport"
Q8K353,"Membrane,  Transmembrane,  Transmembrane helix,  Reference proteome"
Q8K3F6," Ion channel,  Transmembrane helix, Cell membrane, Potassium,  Reference proteome,  Membrane,  Phosphoprotein,  Transport, Transmembrane, Voltage-gated channel,  Ion transport,  Potassium channel,  Ubl conjugation,  Potassium transport"
Q8QZY2," Cytoplasm,  Alternative splicing,  Reference proteome,  Phosphoprotein,  Transferase,  ATP-binding,  Kinase, Acetylation, Nucleotide-binding"
Q8R0Z5," Iron,  Iron transport,  Transmembrane helix,  Reference proteome,  Membrane, Mitochondrion,  Transport,  Mitochondrion inner membrane, Transmembrane, Alternative splicing,  Ion transport,  Repeat"
Q8R180," Oxidoreductase, Apoptosis,  Reference proteome,  Membrane,  Phosphoprotein,  Transport, Redox-active center,  FAD,  Endoplasmic reticulum, Flavoprotein,  Disulfide bond,  Electron transport,  Signal,  Glycoprotein"
Q8R1F1," Cytoplasm,  Lipoprotein, Cell junction,  Membrane,  Phosphoprotein, Reference proteome,  Myristate"
Q8R1W8," Reference proteome, Heparin-binding,  Extracellular matrix, Alternative splicing,  Repeat,  Signal,  Sialic acid,  Cell projection,  Receptor,  Glycoprotein, Secreted,  Hyaluronic acid"
Q8R349," Mitosis,  Reference proteome,  Phosphoprotein, Repeat,  TPR repeat, Cell cycle,  Ubl conjugation pathway,  Cell division"
Q8R420," Transmembrane helix, ATP-binding,  Reference proteome,  Membrane,  Transport, Transmembrane,  Repeat,  Nucleotide-binding"
Q8VD66," Lipid degradation,  Lipid metabolism,  Reference proteome, Hydrolase"
Q8VD72," Cytoplasm,  Cilium, Protein transport,  Reference proteome,  Membrane,  Transport,  TPR repeat, Alternative splicing,  Cell membrane,  Repeat, Cilium biogenesis/degradation,  Cell projection,  Cytoskeleton"
Q8VDD9,"Nucleus,  Reference proteome, Acetylation, WD repeat,  Bromodomain,  Phosphoprotein,  Repeat,  Isopeptide bond,  Direct protein sequencing,  Ubl conjugation"
Q8VDZ4,"Acyltransferase,  Alternative splicing,  Methylation,  Lipoprotein,  Transmembrane helix,  Reference proteome,  Phosphoprotein,  Transmembrane, Transferase,  Palmitate, Membrane,  Cell membrane"
Q8VGR8," Sensory transduction,  Transmembrane helix, Cell membrane,  Reference proteome, Transducer,  Transmembrane,  Olfaction, Membrane,  Disulfide bond,  Receptor,  Glycoprotein,  G-protein coupled receptor"
Q8VHX6," Cytoplasm,  Alternative splicing,  Reference proteome,  Membrane,  Phosphoprotein,  Repeat, Actin-binding,  Cytoskeleton,  Ubl conjugation, Methylation"
Q8VI95," RNA-binding, Cytoplasm,  Reference proteome"
Q91V57," GTPase activation,  Alternative splicing,  Metal-binding,  Reference proteome,  Zinc,  Phosphoprotein,  SH2 domain, Neurogenesis, Acetylation, Zinc-finger"
Q91WJ0,"Lipoprotein,  Reference proteome,  Membrane,  Phosphoprotein,  Myristate"
Q91WL5," Iron,  Oxidoreductase,  Metal-binding,  Reference proteome,  Membrane,  Microsome,  Heme, Monooxygenase, Endoplasmic reticulum,  Signal"
Q91YK2," Citrullination,  Apoptosis,  Phosphoprotein, Reference proteome,  Nucleus,  Transcription, Acetylation,  Transcription regulation, mRNA processing,  Activator,  Chromosome,  mRNA splicing"
Q91YN9," Acetylation,  Phosphoprotein, Reference proteome,  Coiled coil, 3D-structure,  Chaperone"
Q922Q9," Innate immunity,  Immunity,  Lysosome, Reference proteome,  Secreted, Alternative splicing,  Signal"
Q922X9," Cytoplasm,  Methylation,  Differentiation,  Reference proteome, Transferase, 3D-structure,  Nucleus,  Repeat,  Transcription,  Transcription regulation,  Chromatin regulator, S-adenosyl-L-methionine, Methyltransferase"
Q923J1," Ion channel,  Necrosis,  Calcium channel,  Transmembrane helix,  Serine/threonine-protein kinase, Calcium transport,  Nucleotide-binding, Reference proteome, Transmembrane,  Kinase,  Transport,  ATP-binding,  Coiled coil, Membrane,  Metal-binding,  Acetylation,  Zinc,  Phosphoprotein,  Transferase, 3D-structure,  Ion transport,  Calcium"
Q923M0," Methylation,  Lipoprotein, ANK repeat,  Reference proteome,  Membrane,  Phosphoprotein,  Coiled coil,  Prenylation,  Cell membrane,  Repeat, Palmitate"
Q924D0,"Reference proteome, Membrane,  Neurogenesis,  Mitochondrion outer membrane,  Mitochondrion,  Transit peptide"
Q925G2," Iron,  Oxidoreductase,  Transmembrane helix,  Metal-binding,  Phosphoprotein,  Heme, Reference proteome,  Transmembrane,  Transport, Alternative splicing, Membrane,  Electron transport,  Glycoprotein"
Q99J21," Ion channel,  Alternative splicing,  Transmembrane helix,  Lysosome, Calcium transport,  Lipid-binding,  Immunity,  Transmembrane, Reference proteome, Disulfide bond,  Endosome,  Transport,  Cell projection,  Adaptive immunity,  Membrane,  Phosphoprotein, Ion transport, 3D-structure,  Cell membrane,  Calcium,  Glycoprotein,  Cytoplasmic vesicle"
Q99K10," Alternative splicing, Transmembrane helix, Cell junction,  Membrane,  Biological rhythms,  Transmembrane, Reference proteome,  Secreted, 3D-structure,  Cell membrane,  Synapse,  Disulfide bond,  Signal,  Glycoprotein,  Cell adhesion"
Q99LH4,"DNA-binding, Transcription,  Metal-binding,  Reference proteome,  Zinc-finger,  Zinc,  Repeat,  Nucleus,  Transcription regulation"
Q99ME7,"Activator, Transcription,  Reference proteome,  Repressor,  Nucleus,  DNA-binding,  Transcription regulation"
Q99ME9," Reference proteome, Acetylation,  Nucleus, Phosphoprotein,  Isopeptide bond,  GTP-binding,  Ubl conjugation,  Nucleotide-binding,  Ribosome biogenesis"
Q99P31," Repeat, Phosphoprotein,  Reference proteome"
Q9CQ13," Myogenesis,  Phosphoprotein, Reference proteome,  Nucleus,  Transcription,  Transcription regulation, Acetylation,  Chromatin regulator"
Q9CQ48," Cytoplasm, Kinetochore,  Centromere,  Acetylation,  Reference proteome,  Phosphoprotein, 3D-structure,  Cytoskeleton,  Chromosome"
Q9CQC8," Cytoplasm, Alternative splicing,  Phosphoprotein,  Reference proteome"
Q9CQT1," Cytoplasm,  Methylation, Methionine biosynthesis,  Phosphoprotein, Reference proteome,  Nucleus,  Amino-acid biosynthesis, Acetylation,  Isomerase"
Q9CS00," Cytoplasm,  Innate immunity,  Immunity, Coiled coil, Isopeptide bond,  mRNA processing,  Phosphoprotein, Reference proteome,  Nucleus,  Developmental protein,  Spliceosome,  Ubl conjugation,  mRNA splicing"
Q9CWG8," Reference proteome, Transferase,  Methyltransferase, Alternative splicing,  Mitochondrion,  Transit peptide"
Q9CWX2," Reference proteome,  Phosphoprotein, Chaperone,  Mitochondrion, Transit peptide"
Q9CX13," Transmembrane helix,  Membrane,  Transmembrane, Reference proteome,  Transport,  Protein transport,  ER-Golgi transport, Endoplasmic reticulum"
Q9CX60," Phosphoprotein, Reference proteome, Cytoplasm,  Nucleus,  Transcription,  Developmental protein,  Transcription regulation"
Q9CYN2," Transmembrane helix,  Hydrolase,  Reference proteome,  Membrane,  Microsome, Protease,  Transmembrane,  Endoplasmic reticulum, Acetylation"
Q9CZB3," RNA-binding,  Transferase,  Reference proteome, Methyltransferase"
Q9D1I6," Ribosomal protein,  Reference proteome, Mitochondrion,  Ribonucleoprotein, Transit peptide"
Q9D281," Phosphoprotein, Cytoplasm,  Reference proteome"
Q9D2Z8," Cytoplasm, Motor protein, ATP-binding,  Reference proteome,  Phosphoprotein,  Microtubule,  Coiled coil,  Cytoskeleton,  Nucleotide-binding"
Q9D3P9," Vasoactive, Reference proteome, Cleavage on pair of basic residues,  Secreted,  Signal,  Cytoplasmic vesicle"
Q9D4M9," Endosome,  Transmembrane helix,  Metal-binding,  Reference proteome,  Manganese, Differentiation,  Transmembrane,  Signal-anchor, Membrane, Spermatogenesis,  Disulfide bond,  Glycoprotein"
Q9D6A1," Alternative splicing,  Motor protein,  Reference proteome,  Phosphoprotein,  ATP-binding, Nucleotide-binding,  Repeat,  Myosin, Actin-binding"
Q9D7J9," Reference proteome,  Lipid metabolism,  Mitochondrion, Fatty acid metabolism, Transit peptide"
Q9D7V2," Phosphoprotein,  Alternative splicing,  Reference proteome, Acetylation"
Q9CQA4," Alternative splicing,  Transmembrane helix,  Hydrolase,  Membrane,  Phosphoprotein, Reference proteome,  Transmembrane,  Cell membrane, 3D-structure,  Endoplasmic reticulum, Glycoprotein,  Protease"
Q9DCN1," Cytoplasm,  Alternative splicing,  Hydrolase,  Metal-binding,  Reference proteome,  Zinc, Magnesium, Repeat, 3D-structure,  Peroxisome,  ANK repeat,  NADP,  NAD"
Q9DCZ1," Oxidoreductase,  Potassium,  Reference proteome,  Phosphoprotein, Purine metabolism, Metal-binding,  NADP"
Q9DD19," Cytoplasm, Apoptosis,  Reference proteome,  Coiled coil, Ubl conjugation,  Cytoskeleton"
Q9EPZ6,"Transcription,  Reference proteome,  Repressor,  Nucleus,  DNA-binding,  Transcription regulation, Developmental protein"
Q9ER73,"Transcription regulation,  Reference proteome, Cytoplasm,  Nucleus,  Transcription,  tRNA processing"
Q9ES46," Cytoplasm,  Membrane,  Phosphoprotein, Reference proteome, Cell projection,  Cell membrane,  Repeat, Actin-binding,  Cytoskeleton,  Cell junction,  Cell adhesion"
Q9ES90,"Cell membrane, Transmembrane helix,  Reference proteome,  Transmembrane,  Transducer, Membrane,  Disulfide bond,  Receptor,  Glycoprotein,  G-protein coupled receptor"
Q9JHF9," Innate immunity,  Reference proteome,  Immunity,  Secreted, Inflammatory response, Signal, 3D-structure,  Disulfide bond,  Glycoprotein"
Q9JHS3," Endosome,  Membrane,  Lysosome, Reference proteome, 3D-structure,  Direct protein sequencing"
Q9JHU9," Phospholipid biosynthesis,  Phospholipid metabolism,  Inositol biosynthesis, Reference proteome, Cytoplasm,  Lipid biosynthesis, Lipid metabolism,  Isomerase,  NAD"
Q9JIA7," Cytoplasm, ATP-binding,  Reference proteome,  Membrane, Lysosome,  Phosphoprotein, Transferase,  Mitochondrion inner membrane,  Cell membrane,  Kinase,  Endoplasmic reticulum,  Mitochondrion,  Nucleus, Nucleotide-binding"
Q9JJ48,"Apoptosis, Transcription regulation,  Metal-binding,  Zinc-finger,  Zinc,  Phosphoprotein, Reference proteome,  Repressor,  Nucleus,  Repeat,  Transcription,  RNA-binding,  Isopeptide bond,  Ubl conjugation"
Q9JJQ0," Transmembrane helix,  Reference proteome,  Membrane,  Transferase,  Glycosyltransferase, Transmembrane, GPI-anchor biosynthesis, Endoplasmic reticulum,  Glycoprotein"
Q9JKF1," Cytoplasm, Nucleus,  Reference proteome,  Membrane,  Phosphoprotein,  Cell membrane,  Calmodulin-binding,  Repeat, Acetylation"
Q9JKN5,"Transcription,  Reference proteome,  Nucleus,  DNA-binding,  Transcription regulation, Developmental protein"
Q9QXV9," Cytoplasm,  Membrane, Reference proteome,  Developmental protein, Acetylation"
Q9QXZ7,"DNA-binding,  Metal-binding,  Zinc-finger,  Zinc, Reference proteome,  Nucleus,  Transcription,  Isopeptide bond,  Transcription regulation, Ubl conjugation,  Receptor"
Q9QY39," Cytoplasm, Coiled coil,  Reference proteome,  Phosphoprotein"
Q9QYK9," Cytoplasm, ATP-binding,  Reference proteome,  Phosphoprotein,  Transferase,  Nucleus,  Kinase,  Calmodulin-binding,  Calcium, Serine/threonine-protein kinase, Nucleotide-binding"
Q9QZB1," Lipoprotein,  Polymorphism,  Reference proteome,  Membrane, Cytoplasm, Signal transduction inhibitor,  Palmitate,  Nucleus, Phosphoprotein,  Ubl conjugation,  Glycoprotein"
Q9QZC2," Transmembrane helix,  Membrane,  Phosphoprotein, Reference proteome,  Transmembrane, Disulfide bond,  Receptor,  Glycoprotein,  Signal"
Q9R0H5," Cytoplasm, Coiled coil, Reference proteome,  Keratin,  Intermediate filament,  Cytoskeleton"
Q9R0Z9," Cytoplasm,  GTPase activation,  Reference proteome,  Phosphoprotein, Alternative splicing, Membrane,  Cell junction,  Tumor suppressor"
Q9WVH4," Cytoplasm, Transcription regulation,  Reference proteome, Acetylation,  Apoptosis,  Membrane,  Nucleus, Phosphoprotein,  Transcription,  Mitochondrion,  DNA-binding,  Mitochondrion outer membrane,  Ubl conjugation,  Activator,  Proto-oncogene, Methylation"
Q9Z2R9," Cytoplasm, ATP-binding,  Reference proteome,  Transferase,  Protein synthesis inhibitor, Phosphoprotein,  Kinase,  Repeat, Serine/threonine-protein kinase,  Disulfide bond,  Nucleotide-binding"
Q9Z347," Ion channel,  Potassium,  Transmembrane helix,  Membrane,  Transmembrane, Reference proteome,  Transport, Alternative splicing,  Cell membrane,  Ion transport, Phosphoprotein,  Potassium channel, Ubl conjugation,  Voltage-gated channel,  Potassium transport"
Q9QZM9," Ubl conjugation pathway, Reference proteome"
Q61414," Reference proteome, Coiled coil, Isopeptide bond,  Phosphoprotein,  Keratin,  Intermediate filament,  Direct protein sequencing, Ubl conjugation"
Q61029," DNA-binding,  Alternative splicing,  Transmembrane helix,  Reference proteome,  Citrullination,  Membrane,  Phosphoprotein,  Signal-anchor, Transmembrane,  Nucleus, Direct protein sequencing, Acetylation,  Isopeptide bond,  Ubl conjugation,  Chromosome, Methylation"
Q5SX40," Cytoplasm,  Motor protein,  Reference proteome,  Thick filament,  Muscle protein,  ATP-binding,  Coiled coil, Phosphoprotein,  Calmodulin-binding,  Myosin, Actin-binding,  Nucleotide-binding, Methylation"
Q7TQI3," Cytoplasm,  Hydrolase,  Adaptive immunity,  Immunity,  Phosphoprotein, Reference proteome,  Thiol protease,  DNA repair, Acetylation,  Direct protein sequencing, DNA damage,  Ubl conjugation pathway,  Protease"
P59281," Alternative splicing,  Phosphoprotein, Reference proteome,  Nucleus,  Repeat, Acetylation"
P61514," Ribosomal protein, Zinc,  Reference proteome,  Zinc-finger, Metal-binding,  Ribonucleoprotein"
P50236," Reference proteome,  Lipid metabolism, Transferase, Cytoplasm,  Steroid metabolism"
